age_conducteur,experience_permis,puissance_vehicule,ville,zone_risque,type_vehicule,prime_annuelle_fcfa
56,7,11,Thiès,Moyen,Particulier (Berline / SUV),194614
69,1,6,Saint-Louis,Faible,Transport / Clandos,205011
46,23,9,Kaolack,Moyen,Camion / Utilitaire,252896
32,4,4,Rufisque,Élevé,Particulier (Berline / SUV),207524
60,15,7,Dakar - VDN / Almadies,Élevé,Particulier (Berline / SUV),188707
25,3,14,Thiès,Moyen,Transport / Clandos,226214
38,4,4,Kaolack,Moyen,Transport / Clandos,176217
56,6,4,Dakar - Plateau / Médina,Élevé,Transport / Clandos,179468
36,17,6,Thiès,Moyen,Particulier (Berline / SUV),176024
40,2,4,Kaolack,Moyen,Particulier (Berline / SUV),188964
28,9,7,Kaolack,Moyen,Taxi Jaune-Noir,207341
28,6,11,Ziguinchor,Faible,Camion / Utilitaire,251202
41,1,6,Rufisque,Élevé,Particulier (Berline / SUV),236201
53,1,6,Thiès,Moyen,Moto / Jakarta,229685
57,5,6,Touba / Mbacké,Moyen,Particulier (Berline / SUV),160278
41,6,7,Kaolack,Moyen,Camion / Utilitaire,250843
20,0,4,Dakar - VDN / Almadies,Élevé,Taxi Jaune-Noir,260287
39,16,7,Ziguinchor,Faible,Particulier (Berline / SUV),147840
19,0,7,Kaolack,Moyen,Taxi Jaune-Noir,256913
41,17,7,Thiès,Moyen,Particulier (Berline / SUV),177420
61,12,6,Dakar - Keur Massar / Pikine,Très Élevé,Particulier (Berline / SUV),216766
47,22,7,Kaolack,Moyen,Particulier (Berline / SUV),172259
55,34,4,Mbour / Saly,Moyen,Particulier (Berline / SUV),158016
19,1,4,Dakar - Keur Massar / Pikine,Très Élevé,Particulier (Berline / SUV),262142
38,7,9,Kaolack,Moyen,Transport / Clandos,175493
50,28,7,Saint-Louis,Faible,Taxi Jaune-Noir,195032
29,9,4,Kaolack,Moyen,Particulier (Berline / SUV),166574
39,8,6,Dakar - Plateau / Médina,Élevé,Moto / Jakarta,208943
61,0,6,Saint-Louis,Faible,Taxi Jaune-Noir,232365
42,24,6,Thiès,Moyen,Camion / Utilitaire,251034
66,10,6,Dakar - VDN / Almadies,Élevé,Taxi Jaune-Noir,222525
44,22,4,Dakar - Keur Massar / Pikine,Très Élevé,Particulier (Berline / SUV),193158
59,27,6,Touba / Mbacké,Moyen,Particulier (Berline / SUV),167263
45,10,7,Ziguinchor,Faible,Taxi Jaune-Noir,184566
33,8,7,Dakar - VDN / Almadies,Élevé,Particulier (Berline / SUV),193758
32,2,7,Saint-Louis,Faible,Particulier (Berline / SUV),180790
64,13,4,Ziguinchor,Faible,Particulier (Berline / SUV),137066
68,48,11,Dakar - Keur Massar / Pikine,Très Élevé,Particulier (Berline / SUV),236279
61,21,9,Touba / Mbacké,Moyen,Particulier (Berline / SUV),174900
69,6,9,Mbour / Saly,Moyen,Particulier (Berline / SUV),181364
20,0,9,Mbour / Saly,Moyen,Particulier (Berline / SUV),236227
54,24,11,Touba / Mbacké,Moyen,Taxi Jaune-Noir,229666
68,6,7,Ziguinchor,Faible,Taxi Jaune-Noir,191093
24,2,6,Thiès,Moyen,Particulier (Berline / SUV),193755
38,11,7,Ziguinchor,Faible,Particulier (Berline / SUV),151509
26,4,7,Kaolack,Moyen,Particulier (Berline / SUV),202457
56,2,7,Ziguinchor,Faible,Particulier (Berline / SUV),184577
35,14,7,Thiès,Moyen,Particulier (Berline / SUV),165066
21,0,4,Dakar - VDN / Almadies,Élevé,Particulier (Berline / SUV),228759
42,12,6,Dakar - Keur Massar / Pikine,Très Élevé,Taxi Jaune-Noir,256877
31,1,11,Ziguinchor,Faible,Taxi Jaune-Noir,247186
67,35,7,Dakar - Keur Massar / Pikine,Très Élevé,Particulier (Berline / SUV),215695
26,4,7,Saint-Louis,Faible,Particulier (Berline / SUV),171087
43,20,6,Mbour / Saly,Moyen,Taxi Jaune-Noir,209649
19,1,6,Mbour / Saly,Moyen,Moto / Jakarta,228436
37,18,9,Thiès,Moyen,Transport / Clandos,179125
45,6,7,Saint-Louis,Faible,Taxi Jaune-Noir,179005
64,45,9,Mbour / Saly,Moyen,Particulier (Berline / SUV),172970
24,0,6,Thiès,Moyen,Particulier (Berline / SUV),207610
61,2,7,Ziguinchor,Faible,Moto / Jakarta,198119
25,3,6,Saint-Louis,Faible,Particulier (Berline / SUV),163022
64,18,7,Kaolack,Moyen,Camion / Utilitaire,260567
52,5,6,Kaolack,Moyen,Taxi Jaune-Noir,210969
31,13,6,Kaolack,Moyen,Taxi Jaune-Noir,205275
34,7,7,Dakar - VDN / Almadies,Élevé,Particulier (Berline / SUV),205834
53,6,11,Kaolack,Moyen,Taxi Jaune-Noir,221471
67,24,4,Saint-Louis,Faible,Particulier (Berline / SUV),129201
57,17,9,Dakar - Plateau / Médina,Élevé,Particulier (Berline / SUV),213574
21,3,6,Mbour / Saly,Moyen,Particulier (Berline / SUV),190539
19,1,6,Kaolack,Moyen,Moto / Jakarta,239808
23,1,4,Saint-Louis,Faible,Taxi Jaune-Noir,230684
59,23,6,Rufisque,Élevé,Particulier (Berline / SUV),197469
21,2,7,Ziguinchor,Faible,Particulier (Berline / SUV),171370
46,6,4,Dakar - VDN / Almadies,Élevé,Transport / Clandos,184987
35,8,6,Dakar - Keur Massar / Pikine,Très Élevé,Transport / Clandos,214861
43,22,11,Thiès,Moyen,Taxi Jaune-Noir,221817
61,43,4,Rufisque,Élevé,Taxi Jaune-Noir,227320
51,4,9,Rufisque,Élevé,Particulier (Berline / SUV),230035
27,9,6,Dakar - VDN / Almadies,Élevé,Taxi Jaune-Noir,221387
53,10,7,Thiès,Moyen,Particulier (Berline / SUV),176727
31,8,6,Dakar - VDN / Almadies,Élevé,Moto / Jakarta,213420
48,23,4,Kaolack,Moyen,Taxi Jaune-Noir,199725
65,15,4,Dakar - Keur Massar / Pikine,Très Élevé,Particulier (Berline / SUV),195967
32,2,4,Thiès,Moyen,Particulier (Berline / SUV),186001
25,7,4,Saint-Louis,Faible,Transport / Clandos,139923
31,6,7,Mbour / Saly,Moyen,Particulier (Berline / SUV),177955
40,8,9,Dakar - VDN / Almadies,Élevé,Particulier (Berline / SUV),195847
57,35,9,Dakar - Keur Massar / Pikine,Très Élevé,Taxi Jaune-Noir,258327
38,7,7,Ziguinchor,Faible,Particulier (Berline / SUV),146934
33,10,4,Dakar - Plateau / Médina,Élevé,Transport / Clandos,189847
62,3,6,Ziguinchor,Faible,Particulier (Berline / SUV),166599
35,7,6,Dakar - Plateau / Médina,Élevé,Transport / Clandos,196621
64,2,6,Touba / Mbacké,Moyen,Particulier (Berline / SUV),187217
41,10,7,Saint-Louis,Faible,Particulier (Berline / SUV),147370
43,12,7,Touba / Mbacké,Moyen,Moto / Jakarta,195058
42,8,6,Dakar - VDN / Almadies,Élevé,Taxi Jaune-Noir,235540
62,4,6,Dakar - VDN / Almadies,Élevé,Particulier (Berline / SUV),211790
58,13,9,Dakar - Plateau / Médina,Élevé,Particulier (Berline / SUV),211343
46,18,9,Thiès,Moyen,Taxi Jaune-Noir,217257
32,14,6,Dakar - Keur Massar / Pikine,Très Élevé,Taxi Jaune-Noir,238324
62,20,11,Kaolack,Moyen,Camion / Utilitaire,266670
18,0,11,Rufisque,Élevé,Camion / Utilitaire,350479
42,20,6,Dakar - VDN / Almadies,Élevé,Taxi Jaune-Noir,224593
24,3,6,Touba / Mbacké,Moyen,Particulier (Berline / SUV),184059
26,6,7,Touba / Mbacké,Moyen,Particulier (Berline / SUV),170162
41,20,11,Ziguinchor,Faible,Taxi Jaune-Noir,206605
18,0,9,Saint-Louis,Faible,Particulier (Berline / SUV),208168
61,9,4,Dakar - Plateau / Médina,Élevé,Particulier (Berline / SUV),174402
25,4,6,Rufisque,Élevé,Particulier (Berline / SUV),213775
41,4,7,Dakar - Plateau / Médina,Élevé,Particulier (Berline / SUV),228470
28,3,7,Dakar - VDN / Almadies,Élevé,Particulier (Berline / SUV),223337
68,47,4,Mbour / Saly,Moyen,Particulier (Berline / SUV),160717
34,8,9,Rufisque,Élevé,Transport / Clandos,210890
25,6,7,Ziguinchor,Faible,Particulier (Berline / SUV),156397
52,25,9,Touba / Mbacké,Moyen,Particulier (Berline / SUV),172021
52,23,9,Ziguinchor,Faible,Particulier (Berline / SUV),151807
50,14,7,Dakar - VDN / Almadies,Élevé,Taxi Jaune-Noir,232119
22,1,6,Mbour / Saly,Moyen,Particulier (Berline / SUV),210382
59,32,7,Kaolack,Moyen,Taxi Jaune-Noir,213584
56,31,4,Rufisque,Élevé,Camion / Utilitaire,261961
58,5,7,Dakar - Plateau / Médina,Élevé,Particulier (Berline / SUV),195128
45,24,4,Rufisque,Élevé,Particulier (Berline / SUV),191960
24,0,7,Touba / Mbacké,Moyen,Particulier (Berline / SUV),229337
26,1,6,Dakar - Plateau / Médina,Élevé,Camion / Utilitaire,330683
25,2,4,Kaolack,Moyen,Transport / Clandos,178696
29,10,4,Kaolack,Moyen,Moto / Jakarta,175342
51,10,4,Saint-Louis,Faible,Particulier (Berline / SUV),140403
50,27,7,Dakar - Plateau / Médina,Élevé,Camion / Utilitaire,278470
65,38,7,Dakar - Keur Massar / Pikine,Très Élevé,Particulier (Berline / SUV),225757
40,2,7,Mbour / Saly,Moyen,Particulier (Berline / SUV),189050
41,12,4,Dakar - Keur Massar / Pikine,Très Élevé,Moto / Jakarta,224930
54,24,4,Kaolack,Moyen,Moto / Jakarta,171243
52,29,4,Dakar - Plateau / Médina,Élevé,Particulier (Berline / SUV),185331
61,33,4,Saint-Louis,Faible,Particulier (Berline / SUV),135303
57,16,9,Rufisque,Élevé,Particulier (Berline / SUV),212420
39,17,6,Rufisque,Élevé,Particulier (Berline / SUV),195298
44,0,6,Rufisque,Élevé,Particulier (Berline / SUV),243563
52,7,4,Saint-Louis,Faible,Camion / Utilitaire,219306
18,0,6,Dakar - VDN / Almadies,Élevé,Taxi Jaune-Noir,282953
52,21,7,Dakar - Plateau / Médina,Élevé,Transport / Clandos,202297
54,7,7,Dakar - Keur Massar / Pikine,Très Élevé,Transport / Clandos,226298
64,18,6,Mbour / Saly,Moyen,Taxi Jaune-Noir,192216
31,6,4,Kaolack,Moyen,Transport / Clandos,164444
20,0,6,Mbour / Saly,Moyen,Taxi Jaune-Noir,246553
18,0,6,Kaolack,Moyen,Particulier (Berline / SUV),221414
22,0,6,Dakar - Plateau / Médina,Élevé,Taxi Jaune-Noir,272426
43,23,11,Dakar - Plateau / Médina,Élevé,Taxi Jaune-Noir,247036
31,11,7,Ziguinchor,Faible,Transport / Clandos,144026
56,16,7,Dakar - Keur Massar / Pikine,Très Élevé,Camion / Utilitaire,303360
44,16,6,Touba / Mbacké,Moyen,Particulier (Berline / SUV),166201
26,2,6,Kaolack,Moyen,Transport / Clandos,188930
32,8,7,Thiès,Moyen,Particulier (Berline / SUV),166423
32,14,7,Touba / Mbacké,Moyen,Transport / Clandos,167624
43,3,7,Rufisque,Élevé,Particulier (Berline / SUV),216656
59,40,4,Mbour / Saly,Moyen,Particulier (Berline / SUV),159869
30,4,7,Dakar - Plateau / Médina,Élevé,Particulier (Berline / SUV),231227
68,40,6,Thiès,Moyen,Taxi Jaune-Noir,195877
49,12,9,Kaolack,Moyen,Particulier (Berline / SUV),178047
56,9,7,Dakar - VDN / Almadies,Élevé,Moto / Jakarta,215086
66,23,7,Kaolack,Moyen,Particulier (Berline / SUV),172320
69,48,4,Mbour / Saly,Moyen,Moto / Jakarta,166713
49,10,7,Kaolack,Moyen,Transport / Clandos,177278
21,0,4,Kaolack,Moyen,Particulier (Berline / SUV),213689
47,19,6,Saint-Louis,Faible,Particulier (Berline / SUV),152696
54,20,4,Dakar - Keur Massar / Pikine,Très Élevé,Transport / Clandos,199904
40,15,7,Touba / Mbacké,Moyen,Taxi Jaune-Noir,215859
56,1,6,Dakar - VDN / Almadies,Élevé,Taxi Jaune-Noir,272283
62,7,6,Dakar - Plateau / Médina,Élevé,Particulier (Berline / SUV),195464
32,14,9,Kaolack,Moyen,Particulier (Berline / SUV),171235
60,23,6,Dakar - VDN / Almadies,Élevé,Camion / Utilitaire,269984
46,28,7,Ziguinchor,Faible,Particulier (Berline / SUV),142913
53,19,6,Kaolack,Moyen,Particulier (Berline / SUV),161190
30,3,4,Saint-Louis,Faible,Particulier (Berline / SUV),171792
49,3,9,Saint-Louis,Faible,Transport / Clandos,194910
24,1,4,Thiès,Moyen,Transport / Clandos,203279
68,36,6,Rufisque,Élevé,Particulier (Berline / SUV),186414
39,2,7,Mbour / Saly,Moyen,Particulier (Berline / SUV),203298
45,2,7,Touba / Mbacké,Moyen,Particulier (Berline / SUV),187784
19,1,7,Ziguinchor,Faible,Particulier (Berline / SUV),210252
59,4,6,Mbour / Saly,Moyen,Particulier (Berline / SUV),186812
62,34,4,Mbour / Saly,Moyen,Camion / Utilitaire,229832
23,1,7,Thiès,Moyen,Particulier (Berline / SUV),216950
45,4,7,Saint-Louis,Faible,Particulier (Berline / SUV),174962
45,21,9,Dakar - Keur Massar / Pikine,Très Élevé,Moto / Jakarta,236399
61,30,9,Dakar - VDN / Almadies,Élevé,Particulier (Berline / SUV),212429
61,35,9,Dakar - Plateau / Médina,Élevé,Taxi Jaune-Noir,243785
37,5,6,Dakar - Keur Massar / Pikine,Très Élevé,Particulier (Berline / SUV),221639
47,8,6,Dakar - Keur Massar / Pikine,Très Élevé,Particulier (Berline / SUV),220468
28,8,9,Rufisque,Élevé,Moto / Jakarta,211110
45,27,6,Rufisque,Élevé,Taxi Jaune-Noir,226288
42,19,4,Dakar - Keur Massar / Pikine,Très Élevé,Particulier (Berline / SUV),195809
56,27,9,Saint-Louis,Faible,Taxi Jaune-Noir,192597
50,13,9,Mbour / Saly,Moyen,Moto / Jakarta,200219
18,0,6,Dakar - VDN / Almadies,Élevé,Particulier (Berline / SUV),251874
44,22,4,Mbour / Saly,Moyen,Taxi Jaune-Noir,198447
69,19,6,Mbour / Saly,Moyen,Camion / Utilitaire,252783
30,6,9,Mbour / Saly,Moyen,Particulier (Berline / SUV),176089
58,23,11,Dakar - VDN / Almadies,Élevé,Transport / Clandos,211688
20,1,6,Dakar - VDN / Almadies,Élevé,Taxi Jaune-Noir,280460
56,33,4,Thiès,Moyen,Taxi Jaune-Noir,202688
23,3,9,Touba / Mbacké,Moyen,Particulier (Berline / SUV),200176
25,1,6,Dakar - Keur Massar / Pikine,Très Élevé,Particulier (Berline / SUV),271092
44,7,7,Kaolack,Moyen,Taxi Jaune-Noir,202459
26,3,11,Thiès,Moyen,Particulier (Berline / SUV),221238
54,4,4,Thiès,Moyen,Particulier (Berline / SUV),181667
50,21,7,Dakar - Plateau / Médina,Élevé,Particulier (Berline / SUV),191995
68,1,4,Kaolack,Moyen,Particulier (Berline / SUV),209228
59,37,6,Rufisque,Élevé,Camion / Utilitaire,276859
61,35,9,Dakar - Plateau / Médina,Élevé,Particulier (Berline / SUV),215047
41,7,6,Rufisque,Élevé,Camion / Utilitaire,281352
32,9,14,Touba / Mbacké,Moyen,Particulier (Berline / SUV),195255
49,14,7,Ziguinchor,Faible,Taxi Jaune-Noir,184030
49,0,6,Rufisque,Élevé,Particulier (Berline / SUV),244393
41,2,6,Mbour / Saly,Moyen,Transport / Clandos,194630
58,40,6,Rufisque,Élevé,Transport / Clandos,186332
69,3,6,Kaolack,Moyen,Particulier (Berline / SUV),185557
66,14,4,Dakar - VDN / Almadies,Élevé,Moto / Jakarta,188542
66,4,6,Kaolack,Moyen,Particulier (Berline / SUV),188630
69,2,6,Touba / Mbacké,Moyen,Taxi Jaune-Noir,234128
29,5,7,Thiès,Moyen,Camion / Utilitaire,258026
56,4,7,Mbour / Saly,Moyen,Moto / Jakarta,215255
19,0,7,Ziguinchor,Faible,Camion / Utilitaire,276400
20,1,4,Touba / Mbacké,Moyen,Particulier (Berline / SUV),217841
66,42,6,Thiès,Moyen,Particulier (Berline / SUV),160155
54,31,7,Saint-Louis,Faible,Particulier (Berline / SUV),147313
66,13,6,Kaolack,Moyen,Taxi Jaune-Noir,207593
34,4,4,Touba / Mbacké,Moyen,Transport / Clandos,192654
66,46,9,Kaolack,Moyen,Particulier (Berline / SUV),171779
19,1,9,Ziguinchor,Faible,Taxi Jaune-Noir,252913
19,0,7,Thiès,Moyen,Particulier (Berline / SUV),227993
45,25,4,Kaolack,Moyen,Particulier (Berline / SUV),151850
40,15,9,Dakar - VDN / Almadies,Élevé,Taxi Jaune-Noir,233553
54,26,7,Rufisque,Élevé,Particulier (Berline / SUV),202302
49,12,9,Dakar - Plateau / Médina,Élevé,Transport / Clandos,199770
50,6,9,Ziguinchor,Faible,Particulier (Berline / SUV),170274
18,0,9,Dakar - Plateau / Médina,Élevé,Transport / Clandos,263171
36,13,7,Dakar - Keur Massar / Pikine,Très Élevé,Particulier (Berline / SUV),206539
19,1,4,Rufisque,Élevé,Particulier (Berline / SUV),237139
61,27,7,Ziguinchor,Faible,Taxi Jaune-Noir,193606
43,13,7,Touba / Mbacké,Moyen,Moto / Jakarta,190284
49,29,7,Dakar - VDN / Almadies,Élevé,Particulier (Berline / SUV),198636
23,5,4,Touba / Mbacké,Moyen,Particulier (Berline / SUV),149423
49,3,4,Saint-Louis,Faible,Taxi Jaune-Noir,205361
21,0,9,Dakar - Keur Massar / Pikine,Très Élevé,Particulier (Berline / SUV),279556
28,0,7,Dakar - VDN / Almadies,Élevé,Transport / Clandos,244019
34,12,11,Kaolack,Moyen,Transport / Clandos,195298
55,21,9,Kaolack,Moyen,Particulier (Berline / SUV),182992
41,3,7,Mbour / Saly,Moyen,Particulier (Berline / SUV),197985
22,1,7,Kaolack,Moyen,Transport / Clandos,230801
69,12,9,Thiès,Moyen,Particulier (Berline / SUV),189378
51,12,7,Dakar - Keur Massar / Pikine,Très Élevé,Taxi Jaune-Noir,244701
23,4,7,Thiès,Moyen,Particulier (Berline / SUV),200442
39,14,4,Rufisque,Élevé,Taxi Jaune-Noir,212387
28,2,6,Mbour / Saly,Moyen,Particulier (Berline / SUV),190340
65,27,7,Mbour / Saly,Moyen,Transport / Clandos,177134
33,5,6,Kaolack,Moyen,Particulier (Berline / SUV),164618
50,17,6,Dakar - VDN / Almadies,Élevé,Particulier (Berline / SUV),184746
26,7,6,Rufisque,Élevé,Transport / Clandos,191282
23,1,6,Saint-Louis,Faible,Particulier (Berline / SUV),206604
33,2,6,Dakar - Keur Massar / Pikine,Très Élevé,Particulier (Berline / SUV),244816
46,14,6,Dakar - Keur Massar / Pikine,Très Élevé,Particulier (Berline / SUV),215390
20,2,11,Ziguinchor,Faible,Particulier (Berline / SUV),192947
37,3,7,Touba / Mbacké,Moyen,Moto / Jakarta,207693
53,3,4,Kaolack,Moyen,Transport / Clandos,173179
36,17,4,Ziguinchor,Faible,Particulier (Berline / SUV),128233
43,0,7,Saint-Louis,Faible,Transport / Clandos,210439
20,0,6,Mbour / Saly,Moyen,Taxi Jaune-Noir,259122
36,7,9,Dakar - Plateau / Médina,Élevé,Moto / Jakarta,214361
37,5,7,Saint-Louis,Faible,Particulier (Berline / SUV),158531
49,26,9,Saint-Louis,Faible,Taxi Jaune-Noir,185735
24,3,6,Dakar - VDN / Almadies,Élevé,Taxi Jaune-Noir,254288
69,30,7,Dakar - VDN / Almadies,Élevé,Particulier (Berline / SUV),193231
58,13,6,Dakar - VDN / Almadies,Élevé,Particulier (Berline / SUV),192351
50,25,11,Dakar - VDN / Almadies,Élevé,Particulier (Berline / SUV),217897
57,3,7,Touba / Mbacké,Moyen,Transport / Clandos,198370
56,10,6,Kaolack,Moyen,Particulier (Berline / SUV),160492
35,12,6,Dakar - Keur Massar / Pikine,Très Élevé,Camion / Utilitaire,287071
57,0,4,Kaolack,Moyen,Particulier (Berline / SUV),211961
18,0,7,Kaolack,Moyen,Taxi Jaune-Noir,265681
28,4,6,Dakar - Keur Massar / Pikine,Très Élevé,Moto / Jakarta,250311
45,25,7,Dakar - VDN / Almadies,Élevé,Taxi Jaune-Noir,230062
42,14,6,Kaolack,Moyen,Moto / Jakarta,189567
67,18,7,Touba / Mbacké,Moyen,Transport / Clandos,175379
40,13,9,Dakar - VDN / Almadies,Élevé,Particulier (Berline / SUV),214003
48,22,9,Touba / Mbacké,Moyen,Taxi Jaune-Noir,217481
47,23,9,Ziguinchor,Faible,Particulier (Berline / SUV),159529
59,35,4,Kaolack,Moyen,Taxi Jaune-Noir,196023
52,31,4,Thiès,Moyen,Particulier (Berline / SUV),154674
24,1,7,Touba / Mbacké,Moyen,Transport / Clandos,225040
33,6,6,Ziguinchor,Faible,Taxi Jaune-Noir,190091
43,9,6,Rufisque,Élevé,Particulier (Berline / SUV),200270
65,13,4,Rufisque,Élevé,Particulier (Berline / SUV),188809
69,3,6,Ziguinchor,Faible,Camion / Utilitaire,247856
66,37,4,Mbour / Saly,Moyen,Particulier (Berline / SUV),160131
19,0,9,Mbour / Saly,Moyen,Particulier (Berline / SUV),238820
18,0,6,Dakar - VDN / Almadies,Élevé,Particulier (Berline / SUV),250183
65,3,7,Mbour / Saly,Moyen,Camion / Utilitaire,282351
29,0,4,Rufisque,Élevé,Camion / Utilitaire,311315
22,4,7,Mbour / Saly,Moyen,Taxi Jaune-Noir,231548
54,30,6,Thiès,Moyen,Moto / Jakarta,190928
49,10,9,Rufisque,Élevé,Particulier (Berline / SUV),206783
26,0,9,Touba / Mbacké,Moyen,Camion / Utilitaire,313545
58,32,6,Saint-Louis,Faible,Particulier (Berline / SUV),141524
52,5,11,Mbour / Saly,Moyen,Particulier (Berline / SUV),183402
36,5,14,Mbour / Saly,Moyen,Particulier (Berline / SUV),200529
65,4,9,Kaolack,Moyen,Taxi Jaune-Noir,245134
33,2,9,Dakar - Keur Massar / Pikine,Très Élevé,Transport / Clandos,245801
20,2,6,Thiès,Moyen,Particulier (Berline / SUV),185285
37,7,7,Rufisque,Élevé,Camion / Utilitaire,273527
41,12,4,Rufisque,Élevé,Particulier (Berline / SUV),189657
50,7,4,Dakar - Plateau / Médina,Élevé,Particulier (Berline / SUV),186125
41,18,14,Dakar - Keur Massar / Pikine,Très Élevé,Particulier (Berline / SUV),249089
69,15,6,Mbour / Saly,Moyen,Taxi Jaune-Noir,210041
28,9,7,Ziguinchor,Faible,Transport / Clandos,143205
66,38,9,Kaolack,Moyen,Particulier (Berline / SUV),175767
25,0,9,Touba / Mbacké,Moyen,Taxi Jaune-Noir,268250
53,5,14,Kaolack,Moyen,Particulier (Berline / SUV),193173
55,26,6,Mbour / Saly,Moyen,Taxi Jaune-Noir,194984
57,37,4,Dakar - Plateau / Médina,Élevé,Camion / Utilitaire,257762
37,18,6,Saint-Louis,Faible,Particulier (Berline / SUV),152455
52,33,4,Rufisque,Élevé,Moto / Jakarta,207668
65,20,4,Touba / Mbacké,Moyen,Taxi Jaune-Noir,197266
42,8,6,Dakar - Keur Massar / Pikine,Très Élevé,Particulier (Berline / SUV),204888
52,13,9,Mbour / Saly,Moyen,Camion / Utilitaire,252599
42,21,7,Thiès,Moyen,Particulier (Berline / SUV),170120
46,22,6,Ziguinchor,Faible,Particulier (Berline / SUV),144266
35,10,7,Kaolack,Moyen,Particulier (Berline / SUV),173651
63,15,6,Dakar - Plateau / Médina,Élevé,Particulier (Berline / SUV),184622
35,8,4,Saint-Louis,Faible,Transport / Clandos,147956
19,1,9,Dakar - VDN / Almadies,Élevé,Taxi Jaune-Noir,281737
52,8,7,Ziguinchor,Faible,Moto / Jakarta,169093
33,9,9,Mbour / Saly,Moyen,Particulier (Berline / SUV),183628
58,29,4,Saint-Louis,Faible,Particulier (Berline / SUV),145072
53,20,9,Ziguinchor,Faible,Particulier (Berline / SUV),159887
50,4,7,Ziguinchor,Faible,Taxi Jaune-Noir,221077
21,0,7,Rufisque,Élevé,Camion / Utilitaire,318382
50,29,7,Ziguinchor,Faible,Taxi Jaune-Noir,182243
31,9,9,Thiès,Moyen,Particulier (Berline / SUV),186699
38,18,7,Saint-Louis,Faible,Moto / Jakarta,170884
65,6,7,Mbour / Saly,Moyen,Transport / Clandos,161850
37,2,14,Mbour / Saly,Moyen,Particulier (Berline / SUV),224609
25,3,9,Thiès,Moyen,Transport / Clandos,212478
24,4,6,Dakar - Keur Massar / Pikine,Très Élevé,Particulier (Berline / SUV),236371
20,1,7,Saint-Louis,Faible,Particulier (Berline / SUV),197881
34,4,6,Ziguinchor,Faible,Particulier (Berline / SUV),163101
50,22,6,Dakar - Plateau / Médina,Élevé,Particulier (Berline / SUV),201644
65,4,7,Touba / Mbacké,Moyen,Particulier (Berline / SUV),203229
29,3,11,Saint-Louis,Faible,Particulier (Berline / SUV),201402
68,23,11,Dakar - VDN / Almadies,Élevé,Particulier (Berline / SUV),212091
39,9,6,Dakar - Plateau / Médina,Élevé,Transport / Clandos,187553
39,5,7,Thiès,Moyen,Camion / Utilitaire,242681
63,28,6,Ziguinchor,Faible,Transport / Clandos,148787
47,26,14,Dakar - Keur Massar / Pikine,Très Élevé,Particulier (Berline / SUV),245839
55,34,14,Dakar - VDN / Almadies,Élevé,Particulier (Berline / SUV),218009
55,19,7,Dakar - Keur Massar / Pikine,Très Élevé,Particulier (Berline / SUV),211659
62,39,9,Dakar - Keur Massar / Pikine,Très Élevé,Particulier (Berline / SUV),218345
68,41,7,Kaolack,Moyen,Taxi Jaune-Noir,205541
25,0,7,Rufisque,Élevé,Taxi Jaune-Noir,284588
44,21,4,Dakar - VDN / Almadies,Élevé,Transport / Clandos,184571
44,26,6,Touba / Mbacké,Moyen,Taxi Jaune-Noir,204948
51,19,7,Rufisque,Élevé,Particulier (Berline / SUV),199785
38,3,7,Dakar - VDN / Almadies,Élevé,Particulier (Berline / SUV),230704
47,28,6,Dakar - Keur Massar / Pikine,Très Élevé,Taxi Jaune-Noir,243563
50,8,11,Rufisque,Élevé,Particulier (Berline / SUV),221465
45,8,4,Dakar - VDN / Almadies,Élevé,Particulier (Berline / SUV),173503
64,7,7,Touba / Mbacké,Moyen,Particulier (Berline / SUV),163748
50,6,7,Dakar - Plateau / Médina,Élevé,Particulier (Berline / SUV),189454
22,4,7,Saint-Louis,Faible,Particulier (Berline / SUV),184509
65,9,7,Ziguinchor,Faible,Transport / Clandos,150822
36,8,6,Dakar - VDN / Almadies,Élevé,Moto / Jakarta,215321
21,2,4,Touba / Mbacké,Moyen,Particulier (Berline / SUV),192101
52,13,7,Saint-Louis,Faible,Particulier (Berline / SUV),152906
66,45,7,Rufisque,Élevé,Transport / Clandos,197886
34,10,4,Dakar - VDN / Almadies,Élevé,Particulier (Berline / SUV),182060
61,13,7,Dakar - VDN / Almadies,Élevé,Particulier (Berline / SUV),193915
45,21,6,Thiès,Moyen,Particulier (Berline / SUV),176869
47,20,7,Dakar - VDN / Almadies,Élevé,Particulier (Berline / SUV),192874
46,27,9,Ziguinchor,Faible,Transport / Clandos,165401
63,16,4,Thiès,Moyen,Transport / Clandos,161236
23,4,4,Saint-Louis,Faible,Particulier (Berline / SUV),171838
52,31,9,Rufisque,Élevé,Particulier (Berline / SUV),195652
58,16,7,Rufisque,Élevé,Particulier (Berline / SUV),195055
54,3,7,Mbour / Saly,Moyen,Particulier (Berline / SUV),192235
41,2,9,Mbour / Saly,Moyen,Camion / Utilitaire,288840
46,20,9,Saint-Louis,Faible,Taxi Jaune-Noir,202088
66,27,11,Kaolack,Moyen,Taxi Jaune-Noir,217988
63,17,7,Touba / Mbacké,Moyen,Transport / Clandos,179805
48,1,6,Kaolack,Moyen,Transport / Clandos,209371
52,0,6,Touba / Mbacké,Moyen,Transport / Clandos,223487
50,21,4,Thiès,Moyen,Particulier (Berline / SUV),157642
69,49,7,Saint-Louis,Faible,Particulier (Berline / SUV),152640
38,4,6,Touba / Mbacké,Moyen,Taxi Jaune-Noir,220834
49,16,11,Mbour / Saly,Moyen,Particulier (Berline / SUV),196319
40,5,7,Mbour / Saly,Moyen,Camion / Utilitaire,249944
50,28,7,Dakar - Keur Massar / Pikine,Très Élevé,Taxi Jaune-Noir,259126
20,2,6,Touba / Mbacké,Moyen,Camion / Utilitaire,280838
35,13,4,Saint-Louis,Faible,Particulier (Berline / SUV),136196
42,17,4,Dakar - Plateau / Médina,Élevé,Moto / Jakarta,202508
59,0,6,Thiès,Moyen,Particulier (Berline / SUV),219356
48,3,4,Dakar - VDN / Almadies,Élevé,Camion / Utilitaire,296453
20,0,7,Dakar - VDN / Almadies,Élevé,Particulier (Berline / SUV),252347
57,9,9,Touba / Mbacké,Moyen,Taxi Jaune-Noir,213471
63,34,9,Kaolack,Moyen,Transport / Clandos,181630
41,1,7,Thiès,Moyen,Particulier (Berline / SUV),226535
67,23,6,Rufisque,Élevé,Particulier (Berline / SUV),197096
49,9,9,Ziguinchor,Faible,Camion / Utilitaire,249729
64,27,9,Dakar - VDN / Almadies,Élevé,Particulier (Berline / SUV),196396
39,4,4,Mbour / Saly,Moyen,Taxi Jaune-Noir,223793
40,1,7,Thiès,Moyen,Particulier (Berline / SUV),215309
19,1,6,Kaolack,Moyen,Transport / Clandos,215448
44,11,9,Saint-Louis,Faible,Taxi Jaune-Noir,187713
59,2,14,Kaolack,Moyen,Particulier (Berline / SUV),230539
19,1,4,Thiès,Moyen,Particulier (Berline / SUV),205221
43,6,9,Rufisque,Élevé,Taxi Jaune-Noir,238034
34,7,7,Dakar - VDN / Almadies,Élevé,Particulier (Berline / SUV),196845
57,6,14,Mbour / Saly,Moyen,Particulier (Berline / SUV),206514
50,22,6,Dakar - Plateau / Médina,Élevé,Taxi Jaune-Noir,228570
26,8,9,Saint-Louis,Faible,Particulier (Berline / SUV),167424
60,26,4,Mbour / Saly,Moyen,Particulier (Berline / SUV),165552
65,39,6,Rufisque,Élevé,Taxi Jaune-Noir,217318
56,9,4,Ziguinchor,Faible,Particulier (Berline / SUV),136629
46,7,14,Rufisque,Élevé,Particulier (Berline / SUV),226134
59,10,9,Rufisque,Élevé,Particulier (Berline / SUV),204913
43,25,9,Dakar - VDN / Almadies,Élevé,Taxi Jaune-Noir,233547
52,11,11,Thiès,Moyen,Taxi Jaune-Noir,227572
67,26,4,Thiès,Moyen,Transport / Clandos,159206
42,0,6,Mbour / Saly,Moyen,Particulier (Berline / SUV),209491
41,5,4,Ziguinchor,Faible,Particulier (Berline / SUV),146171
30,11,6,Ziguinchor,Faible,Particulier (Berline / SUV),142848
24,2,6,Kaolack,Moyen,Particulier (Berline / SUV),197615
53,26,6,Dakar - Plateau / Médina,Élevé,Moto / Jakarta,207284
62,42,6,Rufisque,Élevé,Particulier (Berline / SUV),193584
37,7,4,Dakar - Plateau / Médina,Élevé,Particulier (Berline / SUV),180161
18,0,4,Dakar - Keur Massar / Pikine,Très Élevé,Particulier (Berline / SUV),261799
25,2,4,Touba / Mbacké,Moyen,Taxi Jaune-Noir,216817
63,44,14,Rufisque,Élevé,Taxi Jaune-Noir,258989
33,3,9,Dakar - Plateau / Médina,Élevé,Taxi Jaune-Noir,261731
31,6,11,Dakar - VDN / Almadies,Élevé,Moto / Jakarta,235851
29,0,6,Touba / Mbacké,Moyen,Particulier (Berline / SUV),213542
68,30,6,Ziguinchor,Faible,Particulier (Berline / SUV),144695
40,7,9,Rufisque,Élevé,Particulier (Berline / SUV),203431
32,3,6,Rufisque,Élevé,Taxi Jaune-Noir,250696
45,26,6,Ziguinchor,Faible,Taxi Jaune-Noir,178775
51,29,6,Kaolack,Moyen,Taxi Jaune-Noir,199510
19,1,4,Dakar - VDN / Almadies,Élevé,Taxi Jaune-Noir,264644
49,19,6,Rufisque,Élevé,Taxi Jaune-Noir,225182
40,7,6,Dakar - Plateau / Médina,Élevé,Moto / Jakarta,208666
39,7,7,Rufisque,Élevé,Taxi Jaune-Noir,226611
68,1,4,Touba / Mbacké,Moyen,Transport / Clandos,201495
42,21,6,Rufisque,Élevé,Particulier (Berline / SUV),185928
39,6,9,Dakar - Plateau / Médina,Élevé,Taxi Jaune-Noir,233071
39,12,4,Saint-Louis,Faible,Moto / Jakarta,159143
66,21,6,Touba / Mbacké,Moyen,Particulier (Berline / SUV),157217
69,17,9,Mbour / Saly,Moyen,Transport / Clandos,188243
59,4,4,Mbour / Saly,Moyen,Transport / Clandos,174384
23,2,4,Touba / Mbacké,Moyen,Particulier (Berline / SUV),188803
32,5,6,Dakar - VDN / Almadies,Élevé,Taxi Jaune-Noir,229163
60,41,6,Saint-Louis,Faible,Particulier (Berline / SUV),147335
54,32,7,Touba / Mbacké,Moyen,Camion / Utilitaire,257633
50,25,9,Dakar - Plateau / Médina,Élevé,Transport / Clandos,214325
25,5,4,Dakar - Keur Massar / Pikine,Très Élevé,Particulier (Berline / SUV),202002
61,1,7,Thiès,Moyen,Particulier (Berline / SUV),227582
61,7,7,Rufisque,Élevé,Taxi Jaune-Noir,227492
22,2,4,Kaolack,Moyen,Particulier (Berline / SUV),189748
56,11,7,Saint-Louis,Faible,Particulier (Berline / SUV),150683
21,2,6,Dakar - Plateau / Médina,Élevé,Taxi Jaune-Noir,255037
23,0,6,Kaolack,Moyen,Particulier (Berline / SUV),214277
62,6,4,Mbour / Saly,Moyen,Particulier (Berline / SUV),166896
49,27,6,Touba / Mbacké,Moyen,Transport / Clandos,161202
69,22,6,Saint-Louis,Faible,Moto / Jakarta,153774
47,23,9,Ziguinchor,Faible,Transport / Clandos,167727
64,20,4,Rufisque,Élevé,Transport / Clandos,186866
52,27,6,Thiès,Moyen,Particulier (Berline / SUV),172673
57,38,6,Mbour / Saly,Moyen,Particulier (Berline / SUV),174719
69,32,7,Touba / Mbacké,Moyen,Particulier (Berline / SUV),162567
33,3,7,Rufisque,Élevé,Transport / Clandos,227965
30,6,7,Mbour / Saly,Moyen,Moto / Jakarta,187879
67,36,9,Ziguinchor,Faible,Transport / Clandos,163401
59,12,9,Kaolack,Moyen,Moto / Jakarta,191227
47,8,6,Thiès,Moyen,Taxi Jaune-Noir,206981
36,1,7,Thiès,Moyen,Particulier (Berline / SUV),215444
34,13,9,Rufisque,Élevé,Particulier (Berline / SUV),212480
36,0,14,Dakar - Plateau / Médina,Élevé,Particulier (Berline / SUV),283075
45,16,9,Rufisque,Élevé,Particulier (Berline / SUV),205843
43,25,6,Mbour / Saly,Moyen,Taxi Jaune-Noir,192275
54,34,4,Dakar - Plateau / Médina,Élevé,Particulier (Berline / SUV),173387
43,21,6,Thiès,Moyen,Taxi Jaune-Noir,198905
40,21,7,Dakar - Keur Massar / Pikine,Très Élevé,Taxi Jaune-Noir,253933
26,3,6,Thiès,Moyen,Particulier (Berline / SUV),201038
29,5,6,Rufisque,Élevé,Particulier (Berline / SUV),185301
18,0,9,Mbour / Saly,Moyen,Particulier (Berline / SUV),231163
18,0,6,Dakar - Plateau / Médina,Élevé,Particulier (Berline / SUV),243848
64,42,9,Touba / Mbacké,Moyen,Transport / Clandos,179009
51,21,6,Dakar - Plateau / Médina,Élevé,Particulier (Berline / SUV),188132
49,20,6,Ziguinchor,Faible,Taxi Jaune-Noir,189975
65,42,6,Dakar - VDN / Almadies,Élevé,Moto / Jakarta,205613
42,3,9,Dakar - VDN / Almadies,Élevé,Moto / Jakarta,243270
57,19,4,Saint-Louis,Faible,Moto / Jakarta,151827
62,32,4,Kaolack,Moyen,Particulier (Berline / SUV),163445
18,0,11,Saint-Louis,Faible,Particulier (Berline / SUV),220742
33,13,4,Saint-Louis,Faible,Particulier (Berline / SUV),139990
56,20,7,Dakar - Plateau / Médina,Élevé,Particulier (Berline / SUV),192526
22,3,7,Mbour / Saly,Moyen,Moto / Jakarta,217843
39,9,6,Saint-Louis,Faible,Taxi Jaune-Noir,185891
46,17,7,Rufisque,Élevé,Particulier (Berline / SUV),193398
20,0,6,Dakar - Plateau / Médina,Élevé,Particulier (Berline / SUV),245732
29,3,7,Mbour / Saly,Moyen,Particulier (Berline / SUV),198699
43,13,6,Dakar - VDN / Almadies,Élevé,Taxi Jaune-Noir,228962
33,12,7,Dakar - Keur Massar / Pikine,Très Élevé,Transport / Clandos,219626
68,43,4,Rufisque,Élevé,Moto / Jakarta,197162
54,11,7,Touba / Mbacké,Moyen,Moto / Jakarta,191269
39,19,4,Kaolack,Moyen,Particulier (Berline / SUV),153894
46,18,6,Touba / Mbacké,Moyen,Particulier (Berline / SUV),175723
31,4,6,Mbour / Saly,Moyen,Particulier (Berline / SUV),186297
45,12,4,Ziguinchor,Faible,Particulier (Berline / SUV),146870
22,4,9,Mbour / Saly,Moyen,Moto / Jakarta,217989
64,0,6,Dakar - Keur Massar / Pikine,Très Élevé,Taxi Jaune-Noir,290272
66,19,11,Dakar - VDN / Almadies,Élevé,Transport / Clandos,213345
47,9,11,Thiès,Moyen,Particulier (Berline / SUV),187226
63,13,7,Mbour / Saly,Moyen,Particulier (Berline / SUV),179697
69,27,4,Dakar - VDN / Almadies,Élevé,Particulier (Berline / SUV),187162
22,4,6,Touba / Mbacké,Moyen,Taxi Jaune-Noir,229480
29,9,9,Mbour / Saly,Moyen,Transport / Clandos,176924
33,10,6,Mbour / Saly,Moyen,Particulier (Berline / SUV),161779
43,14,4,Saint-Louis,Faible,Transport / Clandos,132900
43,14,7,Touba / Mbacké,Moyen,Transport / Clandos,176998
65,28,9,Kaolack,Moyen,Particulier (Berline / SUV),170819
38,6,9,Kaolack,Moyen,Transport / Clandos,176287
56,32,4,Rufisque,Élevé,Particulier (Berline / SUV),186812
53,30,7,Ziguinchor,Faible,Taxi Jaune-Noir,192870
50,10,6,Thiès,Moyen,Transport / Clandos,161406
47,21,6,Mbour / Saly,Moyen,Camion / Utilitaire,253941
54,5,9,Mbour / Saly,Moyen,Particulier (Berline / SUV),187997
40,9,6,Rufisque,Élevé,Particulier (Berline / SUV),192345
27,8,6,Ziguinchor,Faible,Particulier (Berline / SUV),152945
22,4,4,Touba / Mbacké,Moyen,Particulier (Berline / SUV),182831
53,21,9,Mbour / Saly,Moyen,Taxi Jaune-Noir,213723
51,5,9,Dakar - VDN / Almadies,Élevé,Moto / Jakarta,228920
69,48,7,Dakar - Plateau / Médina,Élevé,Particulier (Berline / SUV),205106
48,7,9,Ziguinchor,Faible,Particulier (Berline / SUV),152063
27,4,4,Mbour / Saly,Moyen,Particulier (Berline / SUV),186054
36,7,6,Ziguinchor,Faible,Particulier (Berline / SUV),140243
49,12,6,Kaolack,Moyen,Particulier (Berline / SUV),162352
18,0,4,Thiès,Moyen,Particulier (Berline / SUV),199967
22,0,6,Mbour / Saly,Moyen,Transport / Clandos,214060
62,2,11,Thiès,Moyen,Particulier (Berline / SUV),212832
21,1,4,Dakar - Keur Massar / Pikine,Très Élevé,Taxi Jaune-Noir,293615
33,15,6,Dakar - Plateau / Médina,Élevé,Transport / Clandos,185155
41,19,6,Rufisque,Élevé,Particulier (Berline / SUV),196740
33,2,6,Thiès,Moyen,Taxi Jaune-Noir,227966
19,1,11,Mbour / Saly,Moyen,Taxi Jaune-Noir,273012
66,26,6,Saint-Louis,Faible,Taxi Jaune-Noir,183828
45,20,6,Rufisque,Élevé,Particulier (Berline / SUV),193806
49,12,9,Rufisque,Élevé,Particulier (Berline / SUV),213861
44,22,4,Touba / Mbacké,Moyen,Transport / Clandos,166267
37,12,6,Thiès,Moyen,Transport / Clandos,165444
41,15,6,Saint-Louis,Faible,Particulier (Berline / SUV),148276
29,6,7,Thiès,Moyen,Particulier (Berline / SUV),162149
67,15,14,Touba / Mbacké,Moyen,Particulier (Berline / SUV),206492
52,9,9,Dakar - Plateau / Médina,Élevé,Particulier (Berline / SUV),199472
50,0,6,Mbour / Saly,Moyen,Taxi Jaune-Noir,253504
50,6,9,Kaolack,Moyen,Particulier (Berline / SUV),190343
68,49,4,Kaolack,Moyen,Particulier (Berline / SUV),154519
60,27,4,Thiès,Moyen,Transport / Clandos,166902
54,14,6,Touba / Mbacké,Moyen,Particulier (Berline / SUV),175870
29,2,6,Ziguinchor,Faible,Transport / Clandos,179643
20,2,7,Mbour / Saly,Moyen,Transport / Clandos,192219
18,0,7,Thiès,Moyen,Particulier (Berline / SUV),220826
50,3,11,Ziguinchor,Faible,Transport / Clandos,196136
57,35,7,Mbour / Saly,Moyen,Transport / Clandos,172152
27,3,7,Ziguinchor,Faible,Particulier (Berline / SUV),183226
60,7,4,Rufisque,Élevé,Particulier (Berline / SUV),188974
61,29,4,Thiès,Moyen,Taxi Jaune-Noir,197645
46,4,7,Touba / Mbacké,Moyen,Moto / Jakarta,204069
30,12,6,Mbour / Saly,Moyen,Taxi Jaune-Noir,204486
29,7,9,Kaolack,Moyen,Particulier (Berline / SUV),179888
48,21,4,Thiès,Moyen,Taxi Jaune-Noir,198196
63,33,4,Mbour / Saly,Moyen,Particulier (Berline / SUV),152746
19,1,6,Mbour / Saly,Moyen,Taxi Jaune-Noir,247491
68,48,6,Ziguinchor,Faible,Transport / Clandos,148055
67,28,4,Ziguinchor,Faible,Taxi Jaune-Noir,176822
52,32,7,Saint-Louis,Faible,Transport / Clandos,160231
40,13,4,Thiès,Moyen,Transport / Clandos,161263
34,14,7,Dakar - Keur Massar / Pikine,Très Élevé,Taxi Jaune-Noir,243837
43,5,6,Dakar - VDN / Almadies,Élevé,Particulier (Berline / SUV),184592
25,7,4,Dakar - Keur Massar / Pikine,Très Élevé,Transport / Clandos,198308
46,14,6,Mbour / Saly,Moyen,Moto / Jakarta,183259
43,8,9,Saint-Louis,Faible,Particulier (Berline / SUV),157978
27,3,6,Mbour / Saly,Moyen,Particulier (Berline / SUV),192272
43,20,9,Dakar - Keur Massar / Pikine,Très Élevé,Particulier (Berline / SUV),225883
51,17,4,Mbour / Saly,Moyen,Transport / Clandos,157547
68,49,9,Ziguinchor,Faible,Transport / Clandos,159264
58,33,6,Thiès,Moyen,Particulier (Berline / SUV),176837
24,3,7,Kaolack,Moyen,Moto / Jakarta,214458
21,1,7,Dakar - Keur Massar / Pikine,Très Élevé,Particulier (Berline / SUV),265388
67,17,11,Dakar - VDN / Almadies,Élevé,Transport / Clandos,219078
62,28,6,Dakar - VDN / Almadies,Élevé,Particulier (Berline / SUV),193900
28,1,4,Ziguinchor,Faible,Particulier (Berline / SUV),197232
46,22,4,Thiès,Moyen,Particulier (Berline / SUV),165070
53,18,9,Dakar - Plateau / Médina,Élevé,Particulier (Berline / SUV),210255
42,7,7,Dakar - Plateau / Médina,Élevé,Taxi Jaune-Noir,235065
38,8,9,Touba / Mbacké,Moyen,Taxi Jaune-Noir,210982
53,21,6,Touba / Mbacké,Moyen,Particulier (Berline / SUV),163025
27,5,6,Dakar - Keur Massar / Pikine,Très Élevé,Particulier (Berline / SUV),202756
54,34,4,Ziguinchor,Faible,Particulier (Berline / SUV),132097
26,1,11,Ziguinchor,Faible,Transport / Clandos,217188
41,4,7,Mbour / Saly,Moyen,Transport / Clandos,194745
52,9,11,Dakar - VDN / Almadies,Élevé,Particulier (Berline / SUV),207123
66,14,6,Dakar - VDN / Almadies,Élevé,Taxi Jaune-Noir,223900
52,24,7,Dakar - VDN / Almadies,Élevé,Particulier (Berline / SUV),191969
65,44,7,Saint-Louis,Faible,Moto / Jakarta,169510
53,9,6,Thiès,Moyen,Moto / Jakarta,175375
35,6,9,Rufisque,Élevé,Taxi Jaune-Noir,233631
66,4,11,Mbour / Saly,Moyen,Moto / Jakarta,221590
56,26,9,Dakar - Plateau / Médina,Élevé,Transport / Clandos,211005
49,26,7,Ziguinchor,Faible,Transport / Clandos,159471
41,10,6,Dakar - Plateau / Médina,Élevé,Taxi Jaune-Noir,218763
40,17,6,Saint-Louis,Faible,Particulier (Berline / SUV),137863
49,29,11,Dakar - Plateau / Médina,Élevé,Particulier (Berline / SUV),217509
54,26,4,Dakar - VDN / Almadies,Élevé,Particulier (Berline / SUV),190169
29,0,7,Kaolack,Moyen,Taxi Jaune-Noir,249227
66,13,7,Mbour / Saly,Moyen,Particulier (Berline / SUV),164905
30,6,7,Kaolack,Moyen,Particulier (Berline / SUV),170100
40,12,14,Touba / Mbacké,Moyen,Particulier (Berline / SUV),198088
42,24,6,Kaolack,Moyen,Particulier (Berline / SUV),159762
52,1,6,Rufisque,Élevé,Taxi Jaune-Noir,279774
58,36,4,Ziguinchor,Faible,Moto / Jakarta,153137
47,12,6,Saint-Louis,Faible,Transport / Clandos,144515
34,15,6,Ziguinchor,Faible,Taxi Jaune-Noir,180106
66,0,6,Rufisque,Élevé,Taxi Jaune-Noir,276311
37,11,9,Ziguinchor,Faible,Particulier (Berline / SUV),165021
65,19,11,Kaolack,Moyen,Particulier (Berline / SUV),183642
42,24,4,Thiès,Moyen,Moto / Jakarta,167301
39,12,6,Ziguinchor,Faible,Particulier (Berline / SUV),154260
30,6,11,Touba / Mbacké,Moyen,Particulier (Berline / SUV),185090
36,17,4,Mbour / Saly,Moyen,Transport / Clandos,148936
66,47,4,Mbour / Saly,Moyen,Particulier (Berline / SUV),149151
53,34,4,Dakar - Plateau / Médina,Élevé,Particulier (Berline / SUV),184692
29,9,7,Dakar - Keur Massar / Pikine,Très Élevé,Particulier (Berline / SUV),217156
58,14,4,Kaolack,Moyen,Particulier (Berline / SUV),163602
36,15,11,Dakar - VDN / Almadies,Élevé,Particulier (Berline / SUV),219808
29,3,6,Rufisque,Élevé,Particulier (Berline / SUV),224713
26,4,7,Saint-Louis,Faible,Taxi Jaune-Noir,210426
24,3,6,Kaolack,Moyen,Transport / Clandos,199974
45,15,6,Mbour / Saly,Moyen,Particulier (Berline / SUV),171576
31,0,7,Dakar - Plateau / Médina,Élevé,Moto / Jakarta,255927
48,12,9,Ziguinchor,Faible,Particulier (Berline / SUV),168171
69,21,9,Dakar - VDN / Almadies,Élevé,Particulier (Berline / SUV),201301
36,12,7,Dakar - VDN / Almadies,Élevé,Particulier (Berline / SUV),205860
64,46,11,Dakar - Keur Massar / Pikine,Très Élevé,Taxi Jaune-Noir,279081
33,5,9,Thiès,Moyen,Particulier (Berline / SUV),185460
22,3,9,Dakar - Keur Massar / Pikine,Très Élevé,Taxi Jaune-Noir,293980
52,8,4,Ziguinchor,Faible,Transport / Clandos,142253
29,9,4,Kaolack,Moyen,Taxi Jaune-Noir,200152
42,17,6,Touba / Mbacké,Moyen,Taxi Jaune-Noir,209491
69,1,7,Rufisque,Élevé,Moto / Jakarta,261646
38,12,6,Dakar - VDN / Almadies,Élevé,Particulier (Berline / SUV),193376
53,1,6,Saint-Louis,Faible,Particulier (Berline / SUV),202782
40,2,9,Kaolack,Moyen,Transport / Clandos,213183
33,13,9,Saint-Louis,Faible,Taxi Jaune-Noir,192942
56,8,11,Dakar - Plateau / Médina,Élevé,Particulier (Berline / SUV),207434
62,29,6,Saint-Louis,Faible,Particulier (Berline / SUV),151478
59,11,7,Dakar - VDN / Almadies,Élevé,Particulier (Berline / SUV),196588
56,3,6,Dakar - VDN / Almadies,Élevé,Particulier (Berline / SUV),218985
31,4,4,Dakar - VDN / Almadies,Élevé,Particulier (Berline / SUV),211507
48,12,4,Kaolack,Moyen,Moto / Jakarta,171513
22,2,6,Kaolack,Moyen,Transport / Clandos,187102
52,13,6,Rufisque,Élevé,Particulier (Berline / SUV),191947
40,14,9,Mbour / Saly,Moyen,Taxi Jaune-Noir,205845
46,10,4,Thiès,Moyen,Moto / Jakarta,163003
60,21,7,Ziguinchor,Faible,Particulier (Berline / SUV),158648
28,6,7,Ziguinchor,Faible,Particulier (Berline / SUV),145966
35,8,6,Dakar - Plateau / Médina,Élevé,Taxi Jaune-Noir,228268
64,26,6,Dakar - Keur Massar / Pikine,Très Élevé,Transport / Clandos,211396
29,4,6,Rufisque,Élevé,Particulier (Berline / SUV),222374
26,1,7,Mbour / Saly,Moyen,Camion / Utilitaire,309034
27,7,6,Touba / Mbacké,Moyen,Particulier (Berline / SUV),157272
61,1,4,Dakar - Plateau / Médina,Élevé,Particulier (Berline / SUV),239119
34,1,4,Kaolack,Moyen,Particulier (Berline / SUV),213632
55,22,7,Mbour / Saly,Moyen,Particulier (Berline / SUV),171317
24,1,11,Dakar - VDN / Almadies,Élevé,Transport / Clandos,254799
63,41,6,Kaolack,Moyen,Camion / Utilitaire,251104
30,1,7,Dakar - Keur Massar / Pikine,Très Élevé,Particulier (Berline / SUV),266098
57,2,7,Dakar - Keur Massar / Pikine,Très Élevé,Camion / Utilitaire,331062
59,1,11,Ziguinchor,Faible,Transport / Clandos,217076
26,3,9,Thiès,Moyen,Particulier (Berline / SUV),195736
67,12,7,Thiès,Moyen,Taxi Jaune-Noir,214463
44,26,7,Touba / Mbacké,Moyen,Particulier (Berline / SUV),173743
19,0,9,Kaolack,Moyen,Taxi Jaune-Noir,261679
22,4,6,Kaolack,Moyen,Particulier (Berline / SUV),195491
46,4,6,Dakar - Keur Massar / Pikine,Très Élevé,Taxi Jaune-Noir,280368
54,15,4,Dakar - VDN / Almadies,Élevé,Particulier (Berline / SUV),187323
55,8,9,Dakar - VDN / Almadies,Élevé,Transport / Clandos,208435
36,15,9,Saint-Louis,Faible,Transport / Clandos,158688
25,1,4,Dakar - VDN / Almadies,Élevé,Particulier (Berline / SUV),228350
65,36,7,Mbour / Saly,Moyen,Particulier (Berline / SUV),174270
62,13,6,Thiès,Moyen,Particulier (Berline / SUV),169398
18,0,4,Dakar - VDN / Almadies,Élevé,Taxi Jaune-Noir,265228
39,8,14,Rufisque,Élevé,Particulier (Berline / SUV),226617
69,49,6,Kaolack,Moyen,Taxi Jaune-Noir,194595
34,11,4,Dakar - VDN / Almadies,Élevé,Particulier (Berline / SUV),186835
24,1,7,Saint-Louis,Faible,Particulier (Berline / SUV),199349
42,19,7,Touba / Mbacké,Moyen,Particulier (Berline / SUV),178428
62,38,4,Touba / Mbacké,Moyen,Particulier (Berline / SUV),156908
21,0,7,Dakar - Keur Massar / Pikine,Très Élevé,Transport / Clandos,265828
53,10,7,Dakar - VDN / Almadies,Élevé,Camion / Utilitaire,283930
23,2,4,Kaolack,Moyen,Particulier (Berline / SUV),181808
48,3,4,Kaolack,Moyen,Taxi Jaune-Noir,221530
36,18,7,Thiès,Moyen,Particulier (Berline / SUV),167660
61,1,6,Touba / Mbacké,Moyen,Taxi Jaune-Noir,244243
56,19,11,Dakar - Keur Massar / Pikine,Très Élevé,Particulier (Berline / SUV),230477
44,18,9,Dakar - VDN / Almadies,Élevé,Taxi Jaune-Noir,234976
27,6,14,Touba / Mbacké,Moyen,Moto / Jakarta,217489
43,12,6,Touba / Mbacké,Moyen,Particulier (Berline / SUV),160616
36,6,11,Kaolack,Moyen,Transport / Clandos,194420
56,4,6,Dakar - VDN / Almadies,Élevé,Particulier (Berline / SUV),221836
20,2,6,Dakar - Plateau / Médina,Élevé,Particulier (Berline / SUV),215917
62,44,4,Dakar - VDN / Almadies,Élevé,Particulier (Berline / SUV),189121
30,10,4,Mbour / Saly,Moyen,Particulier (Berline / SUV),154153
67,15,7,Touba / Mbacké,Moyen,Particulier (Berline / SUV),172006
45,3,6,Thiès,Moyen,Particulier (Berline / SUV),182635
37,9,6,Dakar - Plateau / Médina,Élevé,Particulier (Berline / SUV),186985
45,27,7,Saint-Louis,Faible,Particulier (Berline / SUV),143126
25,1,6,Dakar - Keur Massar / Pikine,Très Élevé,Taxi Jaune-Noir,304529
58,36,7,Dakar - VDN / Almadies,Élevé,Moto / Jakarta,202225
56,2,6,Thiès,Moyen,Particulier (Berline / SUV),188092
18,0,9,Saint-Louis,Faible,Particulier (Berline / SUV),203851
20,2,9,Saint-Louis,Faible,Particulier (Berline / SUV),184744
30,6,6,Touba / Mbacké,Moyen,Moto / Jakarta,180820
45,21,6,Mbour / Saly,Moyen,Taxi Jaune-Noir,196097
66,23,6,Touba / Mbacké,Moyen,Particulier (Berline / SUV),171366
42,2,9,Dakar - Keur Massar / Pikine,Très Élevé,Particulier (Berline / SUV),240768
50,32,6,Dakar - Plateau / Médina,Élevé,Particulier (Berline / SUV),189628
55,21,6,Kaolack,Moyen,Particulier (Berline / SUV),159955
23,0,4,Rufisque,Élevé,Moto / Jakarta,242937
61,26,6,Dakar - Plateau / Médina,Élevé,Moto / Jakarta,197482
62,31,6,Dakar - Keur Massar / Pikine,Très Élevé,Particulier (Berline / SUV),218173
49,6,9,Kaolack,Moyen,Taxi Jaune-Noir,212616
62,27,6,Saint-Louis,Faible,Particulier (Berline / SUV),148203
64,23,6,Dakar - Plateau / Médina,Élevé,Particulier (Berline / SUV),195770
38,20,9,Kaolack,Moyen,Moto / Jakarta,195709
33,14,9,Dakar - VDN / Almadies,Élevé,Taxi Jaune-Noir,246831
38,4,6,Touba / Mbacké,Moyen,Particulier (Berline / SUV),194169
28,6,6,Rufisque,Élevé,Particulier (Berline / SUV),197194
54,11,6,Thiès,Moyen,Transport / Clandos,158039
53,33,11,Dakar - VDN / Almadies,Élevé,Taxi Jaune-Noir,250321
52,17,4,Dakar - Plateau / Médina,Élevé,Particulier (Berline / SUV),175628
36,17,11,Ziguinchor,Faible,Particulier (Berline / SUV),164287
37,15,7,Kaolack,Moyen,Particulier (Berline / SUV),163336
35,14,7,Saint-Louis,Faible,Camion / Utilitaire,230232
64,27,4,Saint-Louis,Faible,Taxi Jaune-Noir,175858
58,37,6,Ziguinchor,Faible,Particulier (Berline / SUV),139339
66,17,6,Dakar - Plateau / Médina,Élevé,Taxi Jaune-Noir,234799
31,5,4,Saint-Louis,Faible,Transport / Clandos,143405
32,13,7,Mbour / Saly,Moyen,Particulier (Berline / SUV),167450
48,7,14,Saint-Louis,Faible,Particulier (Berline / SUV),179297
18,0,7,Rufisque,Élevé,Taxi Jaune-Noir,279694
20,1,7,Mbour / Saly,Moyen,Taxi Jaune-Noir,259003
33,14,4,Dakar - Keur Massar / Pikine,Très Élevé,Transport / Clandos,193413
40,7,6,Dakar - Keur Massar / Pikine,Très Élevé,Moto / Jakarta,220996
28,7,4,Kaolack,Moyen,Particulier (Berline / SUV),156157
29,9,7,Mbour / Saly,Moyen,Particulier (Berline / SUV),174109
27,9,11,Dakar - VDN / Almadies,Élevé,Camion / Utilitaire,299014
49,24,7,Kaolack,Moyen,Particulier (Berline / SUV),169599
33,10,4,Dakar - VDN / Almadies,Élevé,Taxi Jaune-Noir,209098
25,0,6,Rufisque,Élevé,Taxi Jaune-Noir,273526
55,31,7,Touba / Mbacké,Moyen,Taxi Jaune-Noir,211600
29,5,6,Dakar - Plateau / Médina,Élevé,Particulier (Berline / SUV),185078
41,5,9,Mbour / Saly,Moyen,Transport / Clandos,187576
45,15,9,Ziguinchor,Faible,Transport / Clandos,157330
25,3,7,Thiès,Moyen,Taxi Jaune-Noir,236993
45,11,6,Dakar - Plateau / Médina,Élevé,Particulier (Berline / SUV),194750
53,16,6,Rufisque,Élevé,Particulier (Berline / SUV),192227
43,10,4,Mbour / Saly,Moyen,Particulier (Berline / SUV),158586
25,4,6,Dakar - Keur Massar / Pikine,Très Élevé,Particulier (Berline / SUV),232197
67,38,6,Dakar - Plateau / Médina,Élevé,Particulier (Berline / SUV),183382
45,22,7,Dakar - VDN / Almadies,Élevé,Camion / Utilitaire,284508
45,8,7,Ziguinchor,Faible,Transport / Clandos,158569
54,35,4,Dakar - Plateau / Médina,Élevé,Taxi Jaune-Noir,212002
58,0,6,Thiès,Moyen,Taxi Jaune-Noir,250300
53,33,4,Rufisque,Élevé,Particulier (Berline / SUV),188768
44,6,4,Rufisque,Élevé,Camion / Utilitaire,262791
34,2,9,Kaolack,Moyen,Particulier (Berline / SUV),202011
26,3,4,Rufisque,Élevé,Particulier (Berline / SUV),209810
50,26,6,Kaolack,Moyen,Particulier (Berline / SUV),158706
37,15,4,Rufisque,Élevé,Moto / Jakarta,195136
30,8,9,Thiès,Moyen,Moto / Jakarta,189200
45,24,7,Rufisque,Élevé,Particulier (Berline / SUV),194232
65,15,6,Ziguinchor,Faible,Moto / Jakarta,166226
46,22,7,Touba / Mbacké,Moyen,Particulier (Berline / SUV),172133
30,7,7,Dakar - Keur Massar / Pikine,Très Élevé,Particulier (Berline / SUV),206993
63,41,11,Ziguinchor,Faible,Transport / Clandos,164984
52,31,6,Rufisque,Élevé,Moto / Jakarta,206047
23,3,9,Mbour / Saly,Moyen,Taxi Jaune-Noir,249659
35,0,11,Dakar - VDN / Almadies,Élevé,Taxi Jaune-Noir,293420
68,5,11,Touba / Mbacké,Moyen,Transport / Clandos,192469
22,2,7,Dakar - Keur Massar / Pikine,Très Élevé,Transport / Clandos,239465
64,14,7,Dakar - VDN / Almadies,Élevé,Moto / Jakarta,201792
42,12,6,Ziguinchor,Faible,Taxi Jaune-Noir,173376
19,0,9,Thiès,Moyen,Camion / Utilitaire,319540
27,4,7,Thiès,Moyen,Camion / Utilitaire,282073
47,21,7,Dakar - VDN / Almadies,Élevé,Particulier (Berline / SUV),206036
67,37,6,Mbour / Saly,Moyen,Transport / Clandos,162078
62,23,7,Dakar - VDN / Almadies,Élevé,Particulier (Berline / SUV),198669
22,3,9,Ziguinchor,Faible,Particulier (Berline / SUV),178432
50,22,4,Dakar - VDN / Almadies,Élevé,Taxi Jaune-Noir,216150
18,0,9,Dakar - Keur Massar / Pikine,Très Élevé,Particulier (Berline / SUV),270667
35,17,7,Mbour / Saly,Moyen,Taxi Jaune-Noir,212881
49,21,9,Saint-Louis,Faible,Moto / Jakarta,168495
64,22,6,Dakar - Plateau / Médina,Élevé,Particulier (Berline / SUV),193089
66,44,6,Saint-Louis,Faible,Particulier (Berline / SUV),138967
28,7,11,Kaolack,Moyen,Moto / Jakarta,196458
38,8,6,Dakar - VDN / Almadies,Élevé,Particulier (Berline / SUV),193649
43,9,9,Thiès,Moyen,Particulier (Berline / SUV),175543
42,8,6,Saint-Louis,Faible,Particulier (Berline / SUV),154575
39,7,7,Rufisque,Élevé,Taxi Jaune-Noir,225019
44,3,6,Ziguinchor,Faible,Taxi Jaune-Noir,201123
66,46,7,Saint-Louis,Faible,Transport / Clandos,157485
30,3,6,Touba / Mbacké,Moyen,Particulier (Berline / SUV),189624
50,20,4,Mbour / Saly,Moyen,Transport / Clandos,158378
51,7,6,Ziguinchor,Faible,Taxi Jaune-Noir,190296
58,34,4,Thiès,Moyen,Particulier (Berline / SUV),159380
52,11,14,Kaolack,Moyen,Taxi Jaune-Noir,242375
18,0,11,Saint-Louis,Faible,Transport / Clandos,215823
38,6,6,Mbour / Saly,Moyen,Taxi Jaune-Noir,192699
65,47,7,Dakar - Plateau / Médina,Élevé,Particulier (Berline / SUV),198878
23,3,6,Mbour / Saly,Moyen,Particulier (Berline / SUV),193736
45,8,7,Mbour / Saly,Moyen,Particulier (Berline / SUV),165914
34,16,9,Ziguinchor,Faible,Particulier (Berline / SUV),158714
22,4,11,Dakar - Plateau / Médina,Élevé,Taxi Jaune-Noir,265793
48,9,6,Mbour / Saly,Moyen,Particulier (Berline / SUV),172902
22,0,9,Touba / Mbacké,Moyen,Transport / Clandos,234836
55,12,6,Saint-Louis,Faible,Particulier (Berline / SUV),155318
20,1,14,Saint-Louis,Faible,Particulier (Berline / SUV),232657
40,7,4,Touba / Mbacké,Moyen,Taxi Jaune-Noir,200784
54,23,7,Saint-Louis,Faible,Particulier (Berline / SUV),157559
54,11,7,Mbour / Saly,Moyen,Moto / Jakarta,182718
27,4,7,Kaolack,Moyen,Particulier (Berline / SUV),205069
27,0,4,Mbour / Saly,Moyen,Particulier (Berline / SUV),204115
36,17,11,Ziguinchor,Faible,Transport / Clandos,177313
34,4,4,Rufisque,Élevé,Taxi Jaune-Noir,244392
38,8,7,Kaolack,Moyen,Particulier (Berline / SUV),172106
31,0,6,Thiès,Moyen,Particulier (Berline / SUV),222348
26,0,6,Thiès,Moyen,Transport / Clandos,216021
63,35,7,Kaolack,Moyen,Camion / Utilitaire,261117
18,0,6,Mbour / Saly,Moyen,Moto / Jakarta,240170
68,44,4,Dakar - VDN / Almadies,Élevé,Particulier (Berline / SUV),178254
62,8,4,Rufisque,Élevé,Camion / Utilitaire,255256
30,10,6,Touba / Mbacké,Moyen,Particulier (Berline / SUV),174404
21,3,9,Mbour / Saly,Moyen,Particulier (Berline / SUV),200579
18,0,9,Kaolack,Moyen,Transport / Clandos,235225
66,0,4,Dakar - VDN / Almadies,Élevé,Particulier (Berline / SUV),232688
57,36,6,Mbour / Saly,Moyen,Particulier (Berline / SUV),165629
49,18,4,Dakar - VDN / Almadies,Élevé,Particulier (Berline / SUV),190747
51,30,4,Kaolack,Moyen,Particulier (Berline / SUV),160029
45,15,7,Mbour / Saly,Moyen,Transport / Clandos,176379
48,14,7,Dakar - Plateau / Médina,Élevé,Taxi Jaune-Noir,221523
25,5,4,Saint-Louis,Faible,Particulier (Berline / SUV),144579
56,11,6,Kaolack,Moyen,Taxi Jaune-Noir,204420
43,1,4,Thiès,Moyen,Moto / Jakarta,219079
51,16,9,Thiès,Moyen,Transport / Clandos,171113
20,1,14,Rufisque,Élevé,Particulier (Berline / SUV),279930
67,7,4,Dakar - Keur Massar / Pikine,Très Élevé,Camion / Utilitaire,280824
29,1,6,Thiès,Moyen,Transport / Clandos,217508
18,0,9,Dakar - Keur Massar / Pikine,Très Élevé,Particulier (Berline / SUV),267575
61,31,11,Dakar - Plateau / Médina,Élevé,Particulier (Berline / SUV),222160
22,0,6,Kaolack,Moyen,Particulier (Berline / SUV),219697
47,18,4,Dakar - VDN / Almadies,Élevé,Transport / Clandos,179221
47,20,4,Rufisque,Élevé,Particulier (Berline / SUV),190172
34,1,7,Saint-Louis,Faible,Taxi Jaune-Noir,242803
65,9,6,Touba / Mbacké,Moyen,Particulier (Berline / SUV),175070
64,9,4,Dakar - Keur Massar / Pikine,Très Élevé,Moto / Jakarta,213050
40,18,7,Saint-Louis,Faible,Particulier (Berline / SUV),150777
32,4,4,Rufisque,Élevé,Moto / Jakarta,223570
54,5,9,Rufisque,Élevé,Moto / Jakarta,223928
38,7,6,Thiès,Moyen,Particulier (Berline / SUV),167552
31,1,4,Saint-Louis,Faible,Particulier (Berline / SUV),181619
19,1,7,Mbour / Saly,Moyen,Particulier (Berline / SUV),214654
28,9,6,Ziguinchor,Faible,Moto / Jakarta,169144
68,38,14,Rufisque,Élevé,Taxi Jaune-Noir,255184
56,14,7,Dakar - Keur Massar / Pikine,Très Élevé,Particulier (Berline / SUV),207934
55,33,6,Touba / Mbacké,Moyen,Particulier (Berline / SUV),161252
51,24,7,Touba / Mbacké,Moyen,Particulier (Berline / SUV),167353
55,28,6,Dakar - Plateau / Médina,Élevé,Moto / Jakarta,198024
67,28,11,Dakar - Plateau / Médina,Élevé,Taxi Jaune-Noir,246121
51,19,6,Thiès,Moyen,Moto / Jakarta,175507
35,13,7,Mbour / Saly,Moyen,Particulier (Berline / SUV),177404
47,9,4,Thiès,Moyen,Particulier (Berline / SUV),154278
32,9,6,Touba / Mbacké,Moyen,Camion / Utilitaire,240235
44,19,9,Dakar - VDN / Almadies,Élevé,Particulier (Berline / SUV),196542
68,3,9,Touba / Mbacké,Moyen,Moto / Jakarta,229210
51,6,6,Rufisque,Élevé,Particulier (Berline / SUV),194733
69,48,6,Saint-Louis,Faible,Particulier (Berline / SUV),153053
55,13,9,Saint-Louis,Faible,Taxi Jaune-Noir,202730
50,13,11,Rufisque,Élevé,Camion / Utilitaire,303842
41,8,4,Rufisque,Élevé,Camion / Utilitaire,261386
32,10,6,Touba / Mbacké,Moyen,Particulier (Berline / SUV),158608
47,2,6,Saint-Louis,Faible,Particulier (Berline / SUV),174004
59,10,9,Saint-Louis,Faible,Taxi Jaune-Noir,192732
68,15,4,Kaolack,Moyen,Taxi Jaune-Noir,202855
34,5,6,Saint-Louis,Faible,Transport / Clandos,139322
22,4,9,Rufisque,Élevé,Particulier (Berline / SUV),220928
46,2,4,Dakar - Plateau / Médina,Élevé,Camion / Utilitaire,284839
21,1,6,Mbour / Saly,Moyen,Taxi Jaune-Noir,258102
27,0,6,Dakar - VDN / Almadies,Élevé,Transport / Clandos,234620
34,13,6,Rufisque,Élevé,Taxi Jaune-Noir,232337
27,7,6,Saint-Louis,Faible,Particulier (Berline / SUV),138989
34,15,7,Dakar - Keur Massar / Pikine,Très Élevé,Camion / Utilitaire,298326
37,9,4,Touba / Mbacké,Moyen,Taxi Jaune-Noir,201285
41,1,7,Touba / Mbacké,Moyen,Moto / Jakarta,240129
22,1,9,Mbour / Saly,Moyen,Camion / Utilitaire,312593
51,18,9,Rufisque,Élevé,Taxi Jaune-Noir,232410
23,5,4,Mbour / Saly,Moyen,Taxi Jaune-Noir,191710
19,1,4,Dakar - Plateau / Médina,Élevé,Particulier (Berline / SUV),240334
30,11,6,Ziguinchor,Faible,Particulier (Berline / SUV),138332
60,29,6,Thiès,Moyen,Particulier (Berline / SUV),159306
60,4,6,Dakar - Keur Massar / Pikine,Très Élevé,Particulier (Berline / SUV),236958
65,43,7,Thiès,Moyen,Particulier (Berline / SUV),164053
28,3,4,Ziguinchor,Faible,Particulier (Berline / SUV),160074
68,16,4,Dakar - Keur Massar / Pikine,Très Élevé,Particulier (Berline / SUV),210022
64,40,6,Thiès,Moyen,Particulier (Berline / SUV),160182
40,18,7,Dakar - Keur Massar / Pikine,Très Élevé,Particulier (Berline / SUV),209816
33,6,4,Mbour / Saly,Moyen,Particulier (Berline / SUV),155569
48,13,7,Dakar - VDN / Almadies,Élevé,Taxi Jaune-Noir,238921
28,1,6,Kaolack,Moyen,Taxi Jaune-Noir,254626
33,7,9,Dakar - Keur Massar / Pikine,Très Élevé,Particulier (Berline / SUV),221708
25,2,9,Ziguinchor,Faible,Taxi Jaune-Noir,216828
21,2,6,Mbour / Saly,Moyen,Transport / Clandos,199242
57,9,6,Kaolack,Moyen,Particulier (Berline / SUV),165151
21,0,6,Mbour / Saly,Moyen,Taxi Jaune-Noir,260678
42,1,6,Dakar - Plateau / Médina,Élevé,Camion / Utilitaire,317862
20,0,7,Saint-Louis,Faible,Transport / Clandos,209798
49,19,9,Touba / Mbacké,Moyen,Particulier (Berline / SUV),188789
20,2,7,Dakar - Plateau / Médina,Élevé,Taxi Jaune-Noir,260104
44,23,9,Ziguinchor,Faible,Particulier (Berline / SUV),153957
46,26,6,Rufisque,Élevé,Taxi Jaune-Noir,235892
49,18,4,Rufisque,Élevé,Camion / Utilitaire,264729
67,28,7,Touba / Mbacké,Moyen,Taxi Jaune-Noir,211531
68,7,6,Mbour / Saly,Moyen,Moto / Jakarta,185994
36,14,7,Dakar - VDN / Almadies,Élevé,Particulier (Berline / SUV),189911
38,9,6,Ziguinchor,Faible,Camion / Utilitaire,222466
22,3,4,Touba / Mbacké,Moyen,Taxi Jaune-Noir,213911
35,8,14,Kaolack,Moyen,Particulier (Berline / SUV),211021
45,16,4,Kaolack,Moyen,Taxi Jaune-Noir,196158
59,34,14,Rufisque,Élevé,Particulier (Berline / SUV),234537
39,15,14,Saint-Louis,Faible,Particulier (Berline / SUV),184059
38,14,9,Mbour / Saly,Moyen,Transport / Clandos,175683
23,0,7,Rufisque,Élevé,Particulier (Berline / SUV),253994
18,0,7,Dakar - VDN / Almadies,Élevé,Transport / Clandos,256158
22,3,9,Touba / Mbacké,Moyen,Particulier (Berline / SUV),210016
58,20,6,Dakar - Keur Massar / Pikine,Très Élevé,Particulier (Berline / SUV),213544
29,9,6,Dakar - VDN / Almadies,Élevé,Camion / Utilitaire,272326
43,8,7,Dakar - Keur Massar / Pikine,Très Élevé,Particulier (Berline / SUV),224525
63,1,6,Mbour / Saly,Moyen,Taxi Jaune-Noir,252638
51,5,6,Touba / Mbacké,Moyen,Taxi Jaune-Noir,204180
66,14,6,Kaolack,Moyen,Taxi Jaune-Noir,205511
31,10,7,Kaolack,Moyen,Moto / Jakarta,190609
43,18,9,Dakar - Plateau / Médina,Élevé,Taxi Jaune-Noir,241098
62,37,6,Kaolack,Moyen,Particulier (Berline / SUV),176936
44,0,11,Ziguinchor,Faible,Moto / Jakarta,232387
26,4,7,Dakar - Plateau / Médina,Élevé,Particulier (Berline / SUV),229953
43,18,9,Dakar - Plateau / Médina,Élevé,Taxi Jaune-Noir,248379
64,2,7,Kaolack,Moyen,Camion / Utilitaire,273509
39,5,9,Rufisque,Élevé,Taxi Jaune-Noir,242790
64,30,4,Saint-Louis,Faible,Transport / Clandos,146030
47,16,9,Saint-Louis,Faible,Taxi Jaune-Noir,193825
60,41,4,Ziguinchor,Faible,Transport / Clandos,139796
65,28,9,Thiès,Moyen,Moto / Jakarta,200324
34,8,14,Rufisque,Élevé,Particulier (Berline / SUV),232663
43,5,6,Thiès,Moyen,Particulier (Berline / SUV),170011
53,27,6,Dakar - Keur Massar / Pikine,Très Élevé,Particulier (Berline / SUV),202006
18,0,9,Rufisque,Élevé,Transport / Clandos,246635
25,1,6,Touba / Mbacké,Moyen,Particulier (Berline / SUV),216321
66,30,9,Thiès,Moyen,Particulier (Berline / SUV),190021
52,22,4,Ziguinchor,Faible,Particulier (Berline / SUV),128534
69,26,4,Ziguinchor,Faible,Camion / Utilitaire,224961
32,5,14,Rufisque,Élevé,Taxi Jaune-Noir,257426
64,20,7,Dakar - Plateau / Médina,Élevé,Particulier (Berline / SUV),196390
39,21,9,Touba / Mbacké,Moyen,Particulier (Berline / SUV),170715
31,1,6,Mbour / Saly,Moyen,Particulier (Berline / SUV),216841
43,5,7,Touba / Mbacké,Moyen,Particulier (Berline / SUV),168770
45,10,7,Ziguinchor,Faible,Particulier (Berline / SUV),148539
40,13,7,Dakar - Keur Massar / Pikine,Très Élevé,Moto / Jakarta,231818
31,11,7,Thiès,Moyen,Camion / Utilitaire,242211
41,15,7,Thiès,Moyen,Particulier (Berline / SUV),170542
19,1,6,Dakar - Keur Massar / Pikine,Très Élevé,Particulier (Berline / SUV),270142
62,42,6,Dakar - VDN / Almadies,Élevé,Particulier (Berline / SUV),198753
43,12,9,Rufisque,Élevé,Particulier (Berline / SUV),213729
31,13,6,Ziguinchor,Faible,Particulier (Berline / SUV),155699
68,48,7,Saint-Louis,Faible,Particulier (Berline / SUV),160230
24,4,6,Kaolack,Moyen,Particulier (Berline / SUV),187069
20,0,7,Dakar - Keur Massar / Pikine,Très Élevé,Transport / Clandos,259589
64,29,7,Dakar - Keur Massar / Pikine,Très Élevé,Transport / Clandos,207736
40,2,6,Touba / Mbacké,Moyen,Taxi Jaune-Noir,232085
63,20,4,Rufisque,Élevé,Particulier (Berline / SUV),184654
60,16,4,Rufisque,Élevé,Moto / Jakarta,193115
64,20,7,Saint-Louis,Faible,Camion / Utilitaire,226035
62,7,9,Kaolack,Moyen,Particulier (Berline / SUV),179183
35,12,4,Rufisque,Élevé,Particulier (Berline / SUV),185028
55,32,7,Dakar - Plateau / Médina,Élevé,Taxi Jaune-Noir,240576
52,0,6,Ziguinchor,Faible,Particulier (Berline / SUV),195187
68,42,6,Dakar - Plateau / Médina,Élevé,Particulier (Berline / SUV),189634
32,13,11,Dakar - VDN / Almadies,Élevé,Taxi Jaune-Noir,247896
42,17,6,Ziguinchor,Faible,Taxi Jaune-Noir,181840
54,29,6,Mbour / Saly,Moyen,Particulier (Berline / SUV),160011
45,13,4,Ziguinchor,Faible,Taxi Jaune-Noir,181693
27,0,4,Ziguinchor,Faible,Camion / Utilitaire,271100
56,12,6,Saint-Louis,Faible,Particulier (Berline / SUV),155647
34,16,4,Dakar - Plateau / Médina,Élevé,Taxi Jaune-Noir,215124
56,23,7,Kaolack,Moyen,Particulier (Berline / SUV),164029
39,19,6,Touba / Mbacké,Moyen,Particulier (Berline / SUV),167639
43,24,7,Saint-Louis,Faible,Taxi Jaune-Noir,192311
61,31,4,Ziguinchor,Faible,Particulier (Berline / SUV),133665
42,20,6,Touba / Mbacké,Moyen,Particulier (Berline / SUV),172999
34,14,7,Thiès,Moyen,Particulier (Berline / SUV),180381
30,12,11,Touba / Mbacké,Moyen,Taxi Jaune-Noir,217624
37,1,4,Dakar - Keur Massar / Pikine,Très Élevé,Transport / Clandos,262504
42,6,9,Saint-Louis,Faible,Particulier (Berline / SUV),160343
21,2,7,Saint-Louis,Faible,Taxi Jaune-Noir,202724
27,8,7,Dakar - Keur Massar / Pikine,Très Élevé,Particulier (Berline / SUV),225383
20,0,7,Thiès,Moyen,Taxi Jaune-Noir,259002
58,18,4,Rufisque,Élevé,Particulier (Berline / SUV),175571
62,28,4,Rufisque,Élevé,Taxi Jaune-Noir,209832
35,15,7,Rufisque,Élevé,Camion / Utilitaire,277457
64,7,6,Rufisque,Élevé,Moto / Jakarta,208400
53,1,11,Dakar - Plateau / Médina,Élevé,Particulier (Berline / SUV),268731
64,40,6,Dakar - Keur Massar / Pikine,Très Élevé,Moto / Jakarta,230648
39,19,4,Thiès,Moyen,Particulier (Berline / SUV),151949
51,15,7,Ziguinchor,Faible,Camion / Utilitaire,228929
64,45,6,Dakar - VDN / Almadies,Élevé,Particulier (Berline / SUV),201736
25,2,7,Saint-Louis,Faible,Particulier (Berline / SUV),166874
57,19,7,Touba / Mbacké,Moyen,Particulier (Berline / SUV),174033
66,35,11,Rufisque,Élevé,Particulier (Berline / SUV),206273
61,0,9,Touba / Mbacké,Moyen,Transport / Clandos,230487
36,17,7,Dakar - VDN / Almadies,Élevé,Moto / Jakarta,218682
59,26,7,Saint-Louis,Faible,Taxi Jaune-Noir,177849
58,5,11,Mbour / Saly,Moyen,Transport / Clandos,189963
54,14,6,Kaolack,Moyen,Transport / Clandos,174692
23,0,4,Thiès,Moyen,Particulier (Berline / SUV),216511
69,29,6,Dakar - Plateau / Médina,Élevé,Particulier (Berline / SUV),186901
43,3,6,Touba / Mbacké,Moyen,Particulier (Berline / SUV),192709
51,9,7,Rufisque,Élevé,Particulier (Berline / SUV),202962
62,31,7,Dakar - Keur Massar / Pikine,Très Élevé,Particulier (Berline / SUV),213735
23,5,7,Touba / Mbacké,Moyen,Particulier (Berline / SUV),166519
54,18,4,Saint-Louis,Faible,Particulier (Berline / SUV),129655
50,32,7,Mbour / Saly,Moyen,Particulier (Berline / SUV),174373
39,8,6,Thiès,Moyen,Moto / Jakarta,186601
38,13,7,Dakar - Keur Massar / Pikine,Très Élevé,Particulier (Berline / SUV),226001
23,3,7,Kaolack,Moyen,Taxi Jaune-Noir,240349
23,3,6,Saint-Louis,Faible,Taxi Jaune-Noir,213538
65,15,4,Mbour / Saly,Moyen,Taxi Jaune-Noir,185951
21,3,4,Dakar - Keur Massar / Pikine,Très Élevé,Particulier (Berline / SUV),225277
47,17,9,Kaolack,Moyen,Particulier (Berline / SUV),184653
28,2,11,Touba / Mbacké,Moyen,Particulier (Berline / SUV),213995
47,12,7,Saint-Louis,Faible,Particulier (Berline / SUV),154421
48,6,4,Ziguinchor,Faible,Particulier (Berline / SUV),132850
41,19,6,Kaolack,Moyen,Taxi Jaune-Noir,196331
26,8,7,Mbour / Saly,Moyen,Taxi Jaune-Noir,207515
20,2,9,Ziguinchor,Faible,Taxi Jaune-Noir,213204
68,8,4,Ziguinchor,Faible,Particulier (Berline / SUV),143592
48,27,4,Dakar - Plateau / Médina,Élevé,Particulier (Berline / SUV),191724
57,4,7,Mbour / Saly,Moyen,Transport / Clandos,188115
54,17,6,Ziguinchor,Faible,Particulier (Berline / SUV),154961
53,26,6,Touba / Mbacké,Moyen,Transport / Clandos,170080
41,10,4,Saint-Louis,Faible,Transport / Clandos,136603
48,29,7,Saint-Louis,Faible,Particulier (Berline / SUV),144287
23,4,9,Touba / Mbacké,Moyen,Particulier (Berline / SUV),208558
19,1,11,Dakar - Plateau / Médina,Élevé,Particulier (Berline / SUV),270943
37,0,7,Thiès,Moyen,Particulier (Berline / SUV),225737
45,9,7,Dakar - Plateau / Médina,Élevé,Particulier (Berline / SUV),190772
28,4,4,Saint-Louis,Faible,Particulier (Berline / SUV),157419
21,3,7,Thiès,Moyen,Particulier (Berline / SUV),202258
32,13,6,Dakar - Plateau / Médina,Élevé,Taxi Jaune-Noir,235327
23,1,7,Ziguinchor,Faible,Transport / Clandos,197991
66,28,6,Thiès,Moyen,Particulier (Berline / SUV),172986
47,17,6,Saint-Louis,Faible,Moto / Jakarta,164953
55,30,4,Touba / Mbacké,Moyen,Camion / Utilitaire,246721
68,22,6,Rufisque,Élevé,Camion / Utilitaire,268425
19,1,4,Ziguinchor,Faible,Transport / Clandos,196388
32,8,4,Ziguinchor,Faible,Particulier (Berline / SUV),145178
28,8,14,Rufisque,Élevé,Particulier (Berline / SUV),226068
25,6,6,Kaolack,Moyen,Taxi Jaune-Noir,199940
43,14,7,Dakar - VDN / Almadies,Élevé,Taxi Jaune-Noir,223847
68,20,9,Dakar - Keur Massar / Pikine,Très Élevé,Transport / Clandos,224224
62,12,14,Mbour / Saly,Moyen,Camion / Utilitaire,287092
61,15,7,Dakar - Plateau / Médina,Élevé,Taxi Jaune-Noir,232097
22,4,9,Dakar - VDN / Almadies,Élevé,Particulier (Berline / SUV),239374
23,3,6,Dakar - Plateau / Médina,Élevé,Particulier (Berline / SUV),209935
43,7,6,Dakar - VDN / Almadies,Élevé,Particulier (Berline / SUV),185687
21,3,6,Thiès,Moyen,Taxi Jaune-Noir,230552
36,1,7,Touba / Mbacké,Moyen,Taxi Jaune-Noir,260378
37,10,7,Mbour / Saly,Moyen,Transport / Clandos,173469
50,30,6,Mbour / Saly,Moyen,Taxi Jaune-Noir,203413
37,12,4,Dakar - Plateau / Médina,Élevé,Moto / Jakarta,194241
66,24,7,Rufisque,Élevé,Taxi Jaune-Noir,232009
29,10,4,Thiès,Moyen,Transport / Clandos,159289
64,41,7,Kaolack,Moyen,Particulier (Berline / SUV),180960
18,0,7,Mbour / Saly,Moyen,Moto / Jakarta,227293
43,15,7,Dakar - Keur Massar / Pikine,Très Élevé,Taxi Jaune-Noir,251488
31,0,9,Dakar - Plateau / Médina,Élevé,Particulier (Berline / SUV),251046
55,8,9,Ziguinchor,Faible,Particulier (Berline / SUV),161959
54,32,6,Dakar - Keur Massar / Pikine,Très Élevé,Moto / Jakarta,231490
28,9,7,Saint-Louis,Faible,Particulier (Berline / SUV),146278
53,21,7,Dakar - Plateau / Médina,Élevé,Particulier (Berline / SUV),200933
30,1,4,Dakar - Plateau / Médina,Élevé,Particulier (Berline / SUV),224470
60,28,4,Ziguinchor,Faible,Taxi Jaune-Noir,170650
20,0,6,Thiès,Moyen,Transport / Clandos,213543
50,29,6,Ziguinchor,Faible,Particulier (Berline / SUV),149249
23,0,7,Mbour / Saly,Moyen,Particulier (Berline / SUV),216611
67,46,9,Touba / Mbacké,Moyen,Camion / Utilitaire,253311
27,2,4,Dakar - Plateau / Médina,Élevé,Transport / Clandos,201682
22,3,4,Saint-Louis,Faible,Moto / Jakarta,169787
40,20,11,Rufisque,Élevé,Particulier (Berline / SUV),212464
27,2,4,Dakar - Plateau / Médina,Élevé,Particulier (Berline / SUV),202839
61,4,6,Ziguinchor,Faible,Particulier (Berline / SUV),171426
19,1,7,Dakar - VDN / Almadies,Élevé,Transport / Clandos,236950
30,12,7,Dakar - Plateau / Médina,Élevé,Particulier (Berline / SUV),197748
57,16,4,Dakar - Plateau / Médina,Élevé,Particulier (Berline / SUV),176646
19,1,4,Saint-Louis,Faible,Particulier (Berline / SUV),187998
37,19,4,Saint-Louis,Faible,Particulier (Berline / SUV),142747
18,0,7,Dakar - Plateau / Médina,Élevé,Transport / Clandos,251939
54,5,7,Dakar - VDN / Almadies,Élevé,Particulier (Berline / SUV),187245
26,5,6,Touba / Mbacké,Moyen,Taxi Jaune-Noir,202874
34,12,7,Kaolack,Moyen,Moto / Jakarta,183348
26,5,9,Dakar - VDN / Almadies,Élevé,Particulier (Berline / SUV),213129
28,10,4,Dakar - VDN / Almadies,Élevé,Taxi Jaune-Noir,214942
32,11,6,Dakar - VDN / Almadies,Élevé,Camion / Utilitaire,268678
41,15,7,Touba / Mbacké,Moyen,Camion / Utilitaire,259405
55,34,6,Thiès,Moyen,Particulier (Berline / SUV),174146
52,2,6,Thiès,Moyen,Particulier (Berline / SUV),190475
47,19,7,Dakar - VDN / Almadies,Élevé,Particulier (Berline / SUV),204483
48,2,9,Kaolack,Moyen,Transport / Clandos,211327
66,15,9,Ziguinchor,Faible,Transport / Clandos,155131
22,2,7,Dakar - Keur Massar / Pikine,Très Élevé,Taxi Jaune-Noir,267102
61,14,7,Thiès,Moyen,Particulier (Berline / SUV),173840
67,47,6,Rufisque,Élevé,Particulier (Berline / SUV),201103
31,1,7,Saint-Louis,Faible,Taxi Jaune-Noir,243762
28,6,6,Touba / Mbacké,Moyen,Particulier (Berline / SUV),158424
26,1,4,Touba / Mbacké,Moyen,Transport / Clandos,206370
51,6,7,Dakar - Keur Massar / Pikine,Très Élevé,Particulier (Berline / SUV),212081
29,7,7,Thiès,Moyen,Particulier (Berline / SUV),163469
52,10,6,Kaolack,Moyen,Particulier (Berline / SUV),166306
52,19,11,Kaolack,Moyen,Particulier (Berline / SUV),186076
18,0,4,Saint-Louis,Faible,Particulier (Berline / SUV),186889
57,2,6,Dakar - VDN / Almadies,Élevé,Particulier (Berline / SUV),208739
39,10,4,Ziguinchor,Faible,Particulier (Berline / SUV),143235
46,25,9,Thiès,Moyen,Particulier (Berline / SUV),170773
25,0,7,Kaolack,Moyen,Particulier (Berline / SUV),213682
28,4,6,Dakar - Keur Massar / Pikine,Très Élevé,Transport / Clandos,239735
58,22,7,Saint-Louis,Faible,Particulier (Berline / SUV),150390
54,23,6,Dakar - Plateau / Médina,Élevé,Taxi Jaune-Noir,228803
31,6,9,Saint-Louis,Faible,Transport / Clandos,154035
47,4,6,Kaolack,Moyen,Taxi Jaune-Noir,217625
52,15,6,Dakar - Plateau / Médina,Élevé,Camion / Utilitaire,271584
38,16,11,Rufisque,Élevé,Particulier (Berline / SUV),217165
54,26,6,Mbour / Saly,Moyen,Transport / Clandos,164574
22,4,4,Saint-Louis,Faible,Camion / Utilitaire,245474
36,5,7,Dakar - Keur Massar / Pikine,Très Élevé,Moto / Jakarta,238163
31,2,11,Dakar - Keur Massar / Pikine,Très Élevé,Particulier (Berline / SUV),252763
43,5,6,Ziguinchor,Faible,Particulier (Berline / SUV),147336
21,0,4,Dakar - VDN / Almadies,Élevé,Particulier (Berline / SUV),238881
42,19,6,Saint-Louis,Faible,Taxi Jaune-Noir,191565
62,24,7,Kaolack,Moyen,Transport / Clandos,178918
59,39,4,Mbour / Saly,Moyen,Particulier (Berline / SUV),150884
42,21,7,Thiès,Moyen,Taxi Jaune-Noir,202608
35,7,14,Kaolack,Moyen,Taxi Jaune-Noir,234516
57,31,6,Dakar - Keur Massar / Pikine,Très Élevé,Particulier (Berline / SUV),218405
25,2,6,Rufisque,Élevé,Moto / Jakarta,237007
56,14,6,Kaolack,Moyen,Transport / Clandos,175372
57,29,4,Touba / Mbacké,Moyen,Particulier (Berline / SUV),148704
31,10,9,Dakar - Keur Massar / Pikine,Très Élevé,Taxi Jaune-Noir,251802
49,16,6,Saint-Louis,Faible,Particulier (Berline / SUV),145106
68,29,6,Rufisque,Élevé,Taxi Jaune-Noir,234347
55,16,7,Touba / Mbacké,Moyen,Camion / Utilitaire,251491
50,0,6,Dakar - Plateau / Médina,Élevé,Moto / Jakarta,257930
40,14,7,Mbour / Saly,Moyen,Particulier (Berline / SUV),177554
32,14,4,Dakar - Keur Massar / Pikine,Très Élevé,Particulier (Berline / SUV),205890
50,18,9,Saint-Louis,Faible,Particulier (Berline / SUV),155644
42,21,11,Touba / Mbacké,Moyen,Taxi Jaune-Noir,215102
34,5,7,Touba / Mbacké,Moyen,Particulier (Berline / SUV),172863
50,4,11,Dakar - VDN / Almadies,Élevé,Taxi Jaune-Noir,276031
64,28,4,Touba / Mbacké,Moyen,Particulier (Berline / SUV),159645
19,1,6,Mbour / Saly,Moyen,Particulier (Berline / SUV),216906
31,9,7,Rufisque,Élevé,Particulier (Berline / SUV),194239
57,19,7,Rufisque,Élevé,Camion / Utilitaire,282925
57,27,6,Touba / Mbacké,Moyen,Transport / Clandos,166039
68,44,6,Saint-Louis,Faible,Particulier (Berline / SUV),139031
56,16,4,Dakar - Keur Massar / Pikine,Très Élevé,Particulier (Berline / SUV),201443
68,29,6,Saint-Louis,Faible,Taxi Jaune-Noir,184686
23,2,4,Ziguinchor,Faible,Particulier (Berline / SUV),153965
23,1,7,Dakar - Keur Massar / Pikine,Très Élevé,Taxi Jaune-Noir,309684
20,1,6,Dakar - Plateau / Médina,Élevé,Transport / Clandos,241181
24,6,4,Mbour / Saly,Moyen,Taxi Jaune-Noir,190391
68,30,7,Saint-Louis,Faible,Taxi Jaune-Noir,181471
25,1,7,Dakar - VDN / Almadies,Élevé,Taxi Jaune-Noir,282699
59,15,9,Rufisque,Élevé,Moto / Jakarta,223372
69,24,7,Touba / Mbacké,Moyen,Moto / Jakarta,180997
32,9,6,Dakar - Keur Massar / Pikine,Très Élevé,Taxi Jaune-Noir,239876
64,22,9,Touba / Mbacké,Moyen,Particulier (Berline / SUV),183024
46,18,7,Dakar - Plateau / Médina,Élevé,Particulier (Berline / SUV),203562
50,18,4,Ziguinchor,Faible,Particulier (Berline / SUV),135452
69,44,7,Touba / Mbacké,Moyen,Taxi Jaune-Noir,210175
47,9,11,Saint-Louis,Faible,Taxi Jaune-Noir,202376
56,1,6,Dakar - Keur Massar / Pikine,Très Élevé,Particulier (Berline / SUV),270772
44,26,6,Dakar - VDN / Almadies,Élevé,Particulier (Berline / SUV),187005
53,25,4,Dakar - Plateau / Médina,Élevé,Particulier (Berline / SUV),186974
46,8,4,Kaolack,Moyen,Moto / Jakarta,173236
55,0,6,Mbour / Saly,Moyen,Taxi Jaune-Noir,261836
50,3,7,Ziguinchor,Faible,Taxi Jaune-Noir,212290
54,31,4,Saint-Louis,Faible,Particulier (Berline / SUV),142718
44,26,11,Mbour / Saly,Moyen,Taxi Jaune-Noir,232267
50,18,9,Dakar - VDN / Almadies,Élevé,Particulier (Berline / SUV),199817
21,1,7,Mbour / Saly,Moyen,Taxi Jaune-Noir,253275
39,19,9,Rufisque,Élevé,Particulier (Berline / SUV),200040
19,1,4,Dakar - Keur Massar / Pikine,Très Élevé,Particulier (Berline / SUV),262039
27,3,6,Mbour / Saly,Moyen,Particulier (Berline / SUV),199739
22,1,7,Saint-Louis,Faible,Particulier (Berline / SUV),198129
27,9,9,Kaolack,Moyen,Camion / Utilitaire,255025
50,16,9,Rufisque,Élevé,Particulier (Berline / SUV),205625
55,8,6,Rufisque,Élevé,Particulier (Berline / SUV),199164
30,10,11,Mbour / Saly,Moyen,Taxi Jaune-Noir,218931
48,3,4,Ziguinchor,Faible,Moto / Jakarta,182092
64,40,9,Thiès,Moyen,Particulier (Berline / SUV),175256
53,2,14,Ziguinchor,Faible,Transport / Clandos,216508
62,19,4,Touba / Mbacké,Moyen,Moto / Jakarta,168178
41,14,7,Saint-Louis,Faible,Particulier (Berline / SUV),151903
69,2,4,Thiès,Moyen,Particulier (Berline / SUV),175222
32,9,6,Dakar - Keur Massar / Pikine,Très Élevé,Particulier (Berline / SUV),220262
46,11,7,Rufisque,Élevé,Transport / Clandos,203964
25,2,7,Saint-Louis,Faible,Particulier (Berline / SUV),170379
22,0,11,Dakar - VDN / Almadies,Élevé,Particulier (Berline / SUV),260533
46,9,7,Touba / Mbacké,Moyen,Taxi Jaune-Noir,206907
64,20,6,Kaolack,Moyen,Taxi Jaune-Noir,196768
21,3,9,Touba / Mbacké,Moyen,Particulier (Berline / SUV),196466
29,2,11,Saint-Louis,Faible,Taxi Jaune-Noir,229942
62,12,4,Dakar - Keur Massar / Pikine,Très Élevé,Particulier (Berline / SUV),206567
19,0,14,Rufisque,Élevé,Particulier (Berline / SUV),281475
44,25,4,Dakar - Plateau / Médina,Élevé,Taxi Jaune-Noir,217940
48,17,9,Dakar - Plateau / Médina,Élevé,Moto / Jakarta,225016
68,23,6,Saint-Louis,Faible,Particulier (Berline / SUV),145971
68,33,4,Mbour / Saly,Moyen,Moto / Jakarta,167979
53,32,6,Ziguinchor,Faible,Taxi Jaune-Noir,178158
53,17,7,Touba / Mbacké,Moyen,Particulier (Berline / SUV),164998
43,5,6,Dakar - Keur Massar / Pikine,Très Élevé,Transport / Clandos,206310
60,16,4,Touba / Mbacké,Moyen,Particulier (Berline / SUV),154053
44,26,7,Dakar - VDN / Almadies,Élevé,Camion / Utilitaire,267358
22,3,11,Dakar - Plateau / Médina,Élevé,Moto / Jakarta,253244
37,9,6,Rufisque,Élevé,Particulier (Berline / SUV),201844
28,5,6,Dakar - VDN / Almadies,Élevé,Particulier (Berline / SUV),200580
27,1,6,Rufisque,Élevé,Particulier (Berline / SUV),239566
57,29,4,Touba / Mbacké,Moyen,Particulier (Berline / SUV),167541
55,4,9,Dakar - Keur Massar / Pikine,Très Élevé,Particulier (Berline / SUV),248108
23,1,9,Dakar - Plateau / Médina,Élevé,Particulier (Berline / SUV),253066
25,3,7,Touba / Mbacké,Moyen,Taxi Jaune-Noir,222354
40,21,6,Dakar - Plateau / Médina,Élevé,Particulier (Berline / SUV),193772
64,46,9,Saint-Louis,Faible,Transport / Clandos,153104
43,21,7,Kaolack,Moyen,Transport / Clandos,177117
63,25,9,Kaolack,Moyen,Particulier (Berline / SUV),174893
60,35,7,Rufisque,Élevé,Moto / Jakarta,217960
29,5,9,Touba / Mbacké,Moyen,Particulier (Berline / SUV),190315
43,2,7,Thiès,Moyen,Particulier (Berline / SUV),201860
30,12,6,Dakar - Plateau / Médina,Élevé,Taxi Jaune-Noir,229253
57,25,11,Dakar - Plateau / Médina,Élevé,Particulier (Berline / SUV),210528
35,0,7,Thiès,Moyen,Taxi Jaune-Noir,259196
42,8,7,Mbour / Saly,Moyen,Moto / Jakarta,192603
50,7,6,Touba / Mbacké,Moyen,Camion / Utilitaire,252527
64,29,7,Thiès,Moyen,Taxi Jaune-Noir,201006
57,23,7,Kaolack,Moyen,Transport / Clandos,166866
60,16,4,Dakar - Plateau / Médina,Élevé,Particulier (Berline / SUV),179332
29,9,4,Kaolack,Moyen,Particulier (Berline / SUV),155414
61,24,7,Touba / Mbacké,Moyen,Transport / Clandos,162556
53,23,9,Dakar - Keur Massar / Pikine,Très Élevé,Particulier (Berline / SUV),228888
65,6,7,Dakar - Keur Massar / Pikine,Très Élevé,Particulier (Berline / SUV),206991
21,1,6,Rufisque,Élevé,Particulier (Berline / SUV),240842
22,3,7,Kaolack,Moyen,Taxi Jaune-Noir,235034
54,1,4,Kaolack,Moyen,Particulier (Berline / SUV),205292
25,5,6,Kaolack,Moyen,Taxi Jaune-Noir,198646
59,39,4,Mbour / Saly,Moyen,Particulier (Berline / SUV),154703
66,14,4,Kaolack,Moyen,Particulier (Berline / SUV),150167
45,20,6,Dakar - Keur Massar / Pikine,Très Élevé,Particulier (Berline / SUV),207802
48,2,6,Mbour / Saly,Moyen,Particulier (Berline / SUV),196394
26,7,4,Rufisque,Élevé,Moto / Jakarta,204054
68,44,6,Saint-Louis,Faible,Particulier (Berline / SUV),147646
46,9,7,Dakar - VDN / Almadies,Élevé,Particulier (Berline / SUV),201492
31,10,6,Rufisque,Élevé,Taxi Jaune-Noir,225086
57,26,6,Ziguinchor,Faible,Particulier (Berline / SUV),151010
58,7,9,Mbour / Saly,Moyen,Particulier (Berline / SUV),183766
39,4,4,Dakar - Keur Massar / Pikine,Très Élevé,Particulier (Berline / SUV),219370
28,0,7,Dakar - Keur Massar / Pikine,Très Élevé,Camion / Utilitaire,356420
40,1,4,Touba / Mbacké,Moyen,Taxi Jaune-Noir,245464
18,0,4,Dakar - Plateau / Médina,Élevé,Particulier (Berline / SUV),233253
63,31,7,Kaolack,Moyen,Particulier (Berline / SUV),174415
54,7,7,Dakar - Keur Massar / Pikine,Très Élevé,Particulier (Berline / SUV),225241
38,3,9,Kaolack,Moyen,Particulier (Berline / SUV),214957
43,7,7,Thiès,Moyen,Taxi Jaune-Noir,214068
63,34,11,Dakar - Plateau / Médina,Élevé,Moto / Jakarta,236710
53,8,4,Thiès,Moyen,Particulier (Berline / SUV),149261
40,12,4,Kaolack,Moyen,Transport / Clandos,165060
18,0,4,Mbour / Saly,Moyen,Particulier (Berline / SUV),201582
68,23,4,Ziguinchor,Faible,Particulier (Berline / SUV),142798
57,34,7,Dakar - Plateau / Médina,Élevé,Particulier (Berline / SUV),201471
32,6,7,Mbour / Saly,Moyen,Particulier (Berline / SUV),162889
38,18,4,Dakar - Keur Massar / Pikine,Très Élevé,Moto / Jakarta,216051
64,46,11,Ziguinchor,Faible,Particulier (Berline / SUV),176496
26,2,9,Saint-Louis,Faible,Particulier (Berline / SUV),193124
26,6,6,Dakar - Keur Massar / Pikine,Très Élevé,Camion / Utilitaire,294963
27,1,4,Dakar - VDN / Almadies,Élevé,Moto / Jakarta,239286
69,31,4,Rufisque,Élevé,Transport / Clandos,191274
43,19,4,Dakar - Plateau / Médina,Élevé,Moto / Jakarta,200694
58,26,4,Dakar - VDN / Almadies,Élevé,Particulier (Berline / SUV),189912
52,17,7,Kaolack,Moyen,Transport / Clandos,163115
69,2,6,Dakar - Plateau / Médina,Élevé,Taxi Jaune-Noir,248221
42,22,6,Rufisque,Élevé,Moto / Jakarta,206541
43,11,14,Dakar - Plateau / Médina,Élevé,Transport / Clandos,232403
28,3,7,Mbour / Saly,Moyen,Particulier (Berline / SUV),199542
55,28,11,Thiès,Moyen,Transport / Clandos,189479
19,1,4,Touba / Mbacké,Moyen,Particulier (Berline / SUV),207368
24,1,6,Mbour / Saly,Moyen,Particulier (Berline / SUV),222117
35,11,7,Rufisque,Élevé,Particulier (Berline / SUV),191955
44,3,4,Dakar - Plateau / Médina,Élevé,Moto / Jakarta,226843
51,23,4,Mbour / Saly,Moyen,Particulier (Berline / SUV),157647
44,17,7,Thiès,Moyen,Taxi Jaune-Noir,198287
34,11,7,Dakar - VDN / Almadies,Élevé,Particulier (Berline / SUV),203440
60,3,6,Mbour / Saly,Moyen,Camion / Utilitaire,266660
61,25,6,Kaolack,Moyen,Particulier (Berline / SUV),172190
68,17,6,Dakar - VDN / Almadies,Élevé,Transport / Clandos,196801
41,6,4,Rufisque,Élevé,Moto / Jakarta,190963
42,3,6,Dakar - VDN / Almadies,Élevé,Particulier (Berline / SUV),223405
24,6,4,Dakar - Plateau / Médina,Élevé,Particulier (Berline / SUV),176708
69,29,4,Ziguinchor,Faible,Transport / Clandos,133890
23,0,11,Ziguinchor,Faible,Moto / Jakarta,243683
41,21,7,Saint-Louis,Faible,Transport / Clandos,159404
50,13,7,Kaolack,Moyen,Particulier (Berline / SUV),165933
66,41,6,Dakar - Plateau / Médina,Élevé,Moto / Jakarta,209880
46,20,6,Rufisque,Élevé,Particulier (Berline / SUV),195551
60,38,6,Dakar - Keur Massar / Pikine,Très Élevé,Taxi Jaune-Noir,247599
39,0,4,Ziguinchor,Faible,Transport / Clandos,192774
43,1,4,Rufisque,Élevé,Particulier (Berline / SUV),223816
45,25,9,Dakar - VDN / Almadies,Élevé,Transport / Clandos,201361
67,21,7,Mbour / Saly,Moyen,Taxi Jaune-Noir,211366
38,7,7,Ziguinchor,Faible,Moto / Jakarta,175843
66,8,6,Dakar - Plateau / Médina,Élevé,Particulier (Berline / SUV),188616
24,6,11,Ziguinchor,Faible,Particulier (Berline / SUV),174399
34,6,4,Thiès,Moyen,Transport / Clandos,150955
37,2,6,Thiès,Moyen,Particulier (Berline / SUV),190194
58,35,6,Thiès,Moyen,Particulier (Berline / SUV),167619
66,13,9,Kaolack,Moyen,Camion / Utilitaire,255873
37,18,14,Ziguinchor,Faible,Particulier (Berline / SUV),177048
39,6,6,Saint-Louis,Faible,Camion / Utilitaire,219988
45,26,9,Rufisque,Élevé,Particulier (Berline / SUV),199240
57,14,9,Thiès,Moyen,Particulier (Berline / SUV),185225
66,21,6,Dakar - VDN / Almadies,Élevé,Transport / Clandos,193892
24,6,6,Dakar - Plateau / Médina,Élevé,Taxi Jaune-Noir,219795
18,0,6,Kaolack,Moyen,Taxi Jaune-Noir,259164
49,0,14,Touba / Mbacké,Moyen,Taxi Jaune-Noir,290585
30,4,4,Thiès,Moyen,Transport / Clandos,189766
47,27,9,Rufisque,Élevé,Particulier (Berline / SUV),200739
40,4,6,Dakar - VDN / Almadies,Élevé,Particulier (Berline / SUV),219408
68,8,7,Dakar - Plateau / Médina,Élevé,Particulier (Berline / SUV),204533
36,17,6,Mbour / Saly,Moyen,Taxi Jaune-Noir,204471
49,16,7,Dakar - Keur Massar / Pikine,Très Élevé,Particulier (Berline / SUV),207938
47,25,9,Dakar - VDN / Almadies,Élevé,Particulier (Berline / SUV),201099
46,5,9,Saint-Louis,Faible,Particulier (Berline / SUV),161483
66,7,9,Dakar - VDN / Almadies,Élevé,Particulier (Berline / SUV),214030
62,42,4,Dakar - VDN / Almadies,Élevé,Particulier (Berline / SUV),177918
46,27,7,Saint-Louis,Faible,Taxi Jaune-Noir,181812
47,0,4,Mbour / Saly,Moyen,Particulier (Berline / SUV),202738
33,4,6,Kaolack,Moyen,Moto / Jakarta,202861
57,0,7,Ziguinchor,Faible,Taxi Jaune-Noir,228181
36,11,6,Dakar - Plateau / Médina,Élevé,Particulier (Berline / SUV),195748
35,7,7,Dakar - VDN / Almadies,Élevé,Taxi Jaune-Noir,231594
18,0,14,Dakar - VDN / Almadies,Élevé,Particulier (Berline / SUV),278142
31,0,4,Saint-Louis,Faible,Transport / Clandos,192622
68,11,7,Rufisque,Élevé,Camion / Utilitaire,275962
64,16,6,Dakar - VDN / Almadies,Élevé,Taxi Jaune-Noir,222921
67,3,4,Dakar - VDN / Almadies,Élevé,Taxi Jaune-Noir,236852
19,0,4,Saint-Louis,Faible,Particulier (Berline / SUV),182311
45,23,11,Rufisque,Élevé,Particulier (Berline / SUV),211147
66,26,9,Saint-Louis,Faible,Moto / Jakarta,165615
67,33,11,Kaolack,Moyen,Particulier (Berline / SUV),187793
47,3,14,Dakar - VDN / Almadies,Élevé,Particulier (Berline / SUV),243400
55,4,6,Thiès,Moyen,Particulier (Berline / SUV),197028
68,30,6,Dakar - Plateau / Médina,Élevé,Transport / Clandos,198306
21,3,7,Rufisque,Élevé,Particulier (Berline / SUV),227839
18,0,6,Thiès,Moyen,Moto / Jakarta,239809
25,1,6,Saint-Louis,Faible,Particulier (Berline / SUV),187188
46,14,6,Dakar - VDN / Almadies,Élevé,Particulier (Berline / SUV),201922
56,32,7,Saint-Louis,Faible,Transport / Clandos,157669
20,0,7,Ziguinchor,Faible,Particulier (Berline / SUV),199294
49,2,4,Ziguinchor,Faible,Taxi Jaune-Noir,195106
27,8,6,Kaolack,Moyen,Particulier (Berline / SUV),176295
27,4,7,Dakar - VDN / Almadies,Élevé,Particulier (Berline / SUV),227088
36,14,7,Dakar - VDN / Almadies,Élevé,Particulier (Berline / SUV),201368
63,41,6,Thiès,Moyen,Moto / Jakarta,185439
51,1,7,Touba / Mbacké,Moyen,Taxi Jaune-Noir,260979
50,3,4,Dakar - VDN / Almadies,Élevé,Transport / Clandos,200601
40,15,6,Kaolack,Moyen,Particulier (Berline / SUV),176700
45,27,9,Rufisque,Élevé,Taxi Jaune-Noir,250164
49,25,7,Rufisque,Élevé,Particulier (Berline / SUV),186715
67,27,6,Saint-Louis,Faible,Moto / Jakarta,160018
24,5,7,Thiès,Moyen,Transport / Clandos,179435
46,3,7,Mbour / Saly,Moyen,Transport / Clandos,195613
25,7,9,Dakar - Keur Massar / Pikine,Très Élevé,Particulier (Berline / SUV),233769
18,0,7,Saint-Louis,Faible,Taxi Jaune-Noir,233303
20,0,7,Dakar - VDN / Almadies,Élevé,Particulier (Berline / SUV),238102
41,2,6,Saint-Louis,Faible,Moto / Jakarta,183056
40,10,4,Mbour / Saly,Moyen,Particulier (Berline / SUV),152858
25,2,6,Dakar - Keur Massar / Pikine,Très Élevé,Particulier (Berline / SUV),228804
64,4,6,Mbour / Saly,Moyen,Particulier (Berline / SUV),193436
54,8,7,Mbour / Saly,Moyen,Particulier (Berline / SUV),162703
20,1,7,Ziguinchor,Faible,Particulier (Berline / SUV),196263
68,39,6,Rufisque,Élevé,Moto / Jakarta,198062
50,20,4,Touba / Mbacké,Moyen,Taxi Jaune-Noir,201942
45,12,6,Dakar - VDN / Almadies,Élevé,Moto / Jakarta,216768
64,38,6,Kaolack,Moyen,Transport / Clandos,166779
25,4,7,Thiès,Moyen,Particulier (Berline / SUV),197349
51,29,4,Saint-Louis,Faible,Taxi Jaune-Noir,165873
52,32,7,Dakar - VDN / Almadies,Élevé,Particulier (Berline / SUV),188106
49,27,11,Ziguinchor,Faible,Moto / Jakarta,178068
41,3,4,Rufisque,Élevé,Particulier (Berline / SUV),211662
31,12,6,Saint-Louis,Faible,Particulier (Berline / SUV),142840
49,7,4,Thiès,Moyen,Particulier (Berline / SUV),153286
63,41,7,Touba / Mbacké,Moyen,Particulier (Berline / SUV),170818
60,41,7,Dakar - VDN / Almadies,Élevé,Particulier (Berline / SUV),205995
33,6,6,Kaolack,Moyen,Particulier (Berline / SUV),175752
21,3,7,Rufisque,Élevé,Transport / Clandos,229921
69,28,9,Dakar - Plateau / Médina,Élevé,Transport / Clandos,201313
54,14,4,Dakar - VDN / Almadies,Élevé,Particulier (Berline / SUV),187920
38,13,4,Mbour / Saly,Moyen,Particulier (Berline / SUV),166971
31,5,9,Mbour / Saly,Moyen,Moto / Jakarta,197302
48,26,7,Kaolack,Moyen,Particulier (Berline / SUV),162674
65,29,9,Dakar - Keur Massar / Pikine,Très Élevé,Moto / Jakarta,233551
35,12,7,Kaolack,Moyen,Particulier (Berline / SUV),171307
24,3,9,Rufisque,Élevé,Taxi Jaune-Noir,266078
27,1,6,Mbour / Saly,Moyen,Taxi Jaune-Noir,254077
24,2,7,Touba / Mbacké,Moyen,Taxi Jaune-Noir,233917
50,27,11,Touba / Mbacké,Moyen,Moto / Jakarta,196717
40,10,7,Mbour / Saly,Moyen,Particulier (Berline / SUV),175502
38,8,4,Rufisque,Élevé,Particulier (Berline / SUV),191037
36,11,6,Ziguinchor,Faible,Taxi Jaune-Noir,174127
65,9,4,Thiès,Moyen,Transport / Clandos,157595
36,15,6,Thiès,Moyen,Particulier (Berline / SUV),172427
53,4,6,Rufisque,Élevé,Transport / Clandos,211408
46,2,7,Dakar - Plateau / Médina,Élevé,Particulier (Berline / SUV),215498
35,2,7,Thiès,Moyen,Particulier (Berline / SUV),195492
19,0,6,Saint-Louis,Faible,Transport / Clandos,197787
18,0,7,Thiès,Moyen,Particulier (Berline / SUV),228770
64,6,4,Saint-Louis,Faible,Taxi Jaune-Noir,176558
22,2,4,Mbour / Saly,Moyen,Particulier (Berline / SUV),190191
37,4,4,Ziguinchor,Faible,Particulier (Berline / SUV),159876
28,8,7,Kaolack,Moyen,Taxi Jaune-Noir,203350
59,3,6,Ziguinchor,Faible,Taxi Jaune-Noir,198906
19,1,6,Thiès,Moyen,Particulier (Berline / SUV),210581
20,2,6,Thiès,Moyen,Particulier (Berline / SUV),200722
40,3,9,Rufisque,Élevé,Particulier (Berline / SUV),237832
29,6,4,Kaolack,Moyen,Particulier (Berline / SUV),150872
37,11,7,Thiès,Moyen,Camion / Utilitaire,257348
22,3,7,Dakar - Keur Massar / Pikine,Très Élevé,Moto / Jakarta,266317
54,3,9,Dakar - Keur Massar / Pikine,Très Élevé,Particulier (Berline / SUV),249910
55,18,11,Dakar - Plateau / Médina,Élevé,Particulier (Berline / SUV),218493
47,19,4,Mbour / Saly,Moyen,Moto / Jakarta,182950
26,4,4,Saint-Louis,Faible,Taxi Jaune-Noir,198370
51,22,9,Ziguinchor,Faible,Taxi Jaune-Noir,194008
61,6,6,Mbour / Saly,Moyen,Transport / Clandos,174216
52,32,7,Saint-Louis,Faible,Particulier (Berline / SUV),160346
69,13,7,Saint-Louis,Faible,Particulier (Berline / SUV),153095
39,4,7,Dakar - VDN / Almadies,Élevé,Camion / Utilitaire,295750
61,42,11,Thiès,Moyen,Taxi Jaune-Noir,232936
41,15,14,Dakar - Plateau / Médina,Élevé,Particulier (Berline / SUV),234265
34,7,7,Thiès,Moyen,Particulier (Berline / SUV),178529
27,1,6,Dakar - Plateau / Médina,Élevé,Particulier (Berline / SUV),248309
47,11,9,Mbour / Saly,Moyen,Transport / Clandos,186638
63,35,4,Rufisque,Élevé,Particulier (Berline / SUV),178895
40,11,6,Rufisque,Élevé,Particulier (Berline / SUV),201969
49,7,9,Mbour / Saly,Moyen,Moto / Jakarta,193125
34,8,6,Kaolack,Moyen,Particulier (Berline / SUV),166518
67,36,6,Dakar - Keur Massar / Pikine,Très Élevé,Particulier (Berline / SUV),208342
68,14,4,Saint-Louis,Faible,Particulier (Berline / SUV),128051
34,13,9,Dakar - Plateau / Médina,Élevé,Particulier (Berline / SUV),199373
31,13,7,Touba / Mbacké,Moyen,Particulier (Berline / SUV),162285
26,8,7,Thiès,Moyen,Moto / Jakarta,191733
57,39,6,Mbour / Saly,Moyen,Moto / Jakarta,175864
19,0,9,Saint-Louis,Faible,Particulier (Berline / SUV),207293
62,38,9,Dakar - Plateau / Médina,Élevé,Particulier (Berline / SUV),209086
42,21,6,Ziguinchor,Faible,Taxi Jaune-Noir,185567
56,17,6,Kaolack,Moyen,Particulier (Berline / SUV),158490
26,0,6,Thiès,Moyen,Particulier (Berline / SUV),217937
39,5,14,Rufisque,Élevé,Moto / Jakarta,244457
60,17,7,Mbour / Saly,Moyen,Particulier (Berline / SUV),179863
63,44,11,Rufisque,Élevé,Particulier (Berline / SUV),211457
21,2,6,Dakar - Plateau / Médina,Élevé,Particulier (Berline / SUV),207370
43,10,9,Rufisque,Élevé,Particulier (Berline / SUV),202092
46,11,9,Thiès,Moyen,Particulier (Berline / SUV),179728
62,0,7,Dakar - Keur Massar / Pikine,Très Élevé,Particulier (Berline / SUV),264836
51,11,11,Saint-Louis,Faible,Particulier (Berline / SUV),161722
40,4,6,Dakar - Keur Massar / Pikine,Très Élevé,Taxi Jaune-Noir,272085
54,36,4,Mbour / Saly,Moyen,Particulier (Berline / SUV),157839
28,10,7,Dakar - Keur Massar / Pikine,Très Élevé,Particulier (Berline / SUV),223103
23,3,7,Dakar - VDN / Almadies,Élevé,Taxi Jaune-Noir,264522
35,2,7,Saint-Louis,Faible,Moto / Jakarta,192114
38,4,6,Dakar - Plateau / Médina,Élevé,Particulier (Berline / SUV),207200
59,40,7,Saint-Louis,Faible,Particulier (Berline / SUV),145230
53,1,6,Dakar - VDN / Almadies,Élevé,Particulier (Berline / SUV),242921
58,5,6,Touba / Mbacké,Moyen,Transport / Clandos,168185
55,33,7,Dakar - Keur Massar / Pikine,Très Élevé,Particulier (Berline / SUV),219477
51,13,7,Saint-Louis,Faible,Particulier (Berline / SUV),160142
34,12,6,Rufisque,Élevé,Particulier (Berline / SUV),182954
54,26,6,Dakar - Plateau / Médina,Élevé,Particulier (Berline / SUV),187755
42,14,6,Ziguinchor,Faible,Particulier (Berline / SUV),143357
55,21,4,Mbour / Saly,Moyen,Particulier (Berline / SUV),158830
29,2,9,Mbour / Saly,Moyen,Transport / Clandos,206573
40,11,11,Mbour / Saly,Moyen,Taxi Jaune-Noir,230199
59,19,6,Saint-Louis,Faible,Particulier (Berline / SUV),152548
39,10,9,Dakar - Keur Massar / Pikine,Très Élevé,Particulier (Berline / SUV),216665
38,18,9,Saint-Louis,Faible,Particulier (Berline / SUV),154948
44,19,9,Thiès,Moyen,Particulier (Berline / SUV),186277
48,2,4,Rufisque,Élevé,Moto / Jakarta,218091
23,0,11,Ziguinchor,Faible,Camion / Utilitaire,304593
44,4,6,Ziguinchor,Faible,Particulier (Berline / SUV),179595
57,10,6,Rufisque,Élevé,Particulier (Berline / SUV),192980
51,3,4,Dakar - VDN / Almadies,Élevé,Particulier (Berline / SUV),213154
29,10,6,Kaolack,Moyen,Taxi Jaune-Noir,205564
62,5,4,Thiès,Moyen,Taxi Jaune-Noir,184835
24,2,6,Dakar - Plateau / Médina,Élevé,Transport / Clandos,224074
27,7,6,Ziguinchor,Faible,Transport / Clandos,146808
62,42,9,Mbour / Saly,Moyen,Particulier (Berline / SUV),189012
34,13,9,Saint-Louis,Faible,Taxi Jaune-Noir,195838
43,15,6,Dakar - VDN / Almadies,Élevé,Taxi Jaune-Noir,235192
38,19,9,Kaolack,Moyen,Taxi Jaune-Noir,223059
45,14,9,Rufisque,Élevé,Particulier (Berline / SUV),196113
63,26,9,Touba / Mbacké,Moyen,Taxi Jaune-Noir,212324
19,1,4,Dakar - Plateau / Médina,Élevé,Taxi Jaune-Noir,276920
60,13,7,Kaolack,Moyen,Taxi Jaune-Noir,207369
18,0,11,Mbour / Saly,Moyen,Taxi Jaune-Noir,276086
68,22,7,Kaolack,Moyen,Transport / Clandos,163669
53,27,6,Ziguinchor,Faible,Taxi Jaune-Noir,176892
68,7,7,Saint-Louis,Faible,Taxi Jaune-Noir,185690
43,9,7,Rufisque,Élevé,Taxi Jaune-Noir,222521
46,21,7,Kaolack,Moyen,Particulier (Berline / SUV),172613
38,18,4,Dakar - Plateau / Médina,Élevé,Particulier (Berline / SUV),185295
28,7,6,Kaolack,Moyen,Particulier (Berline / SUV),174507
57,33,9,Touba / Mbacké,Moyen,Taxi Jaune-Noir,210938
28,10,9,Dakar - VDN / Almadies,Élevé,Taxi Jaune-Noir,249209
53,19,4,Ziguinchor,Faible,Camion / Utilitaire,227847
66,2,11,Saint-Louis,Faible,Particulier (Berline / SUV),197265
56,14,6,Mbour / Saly,Moyen,Particulier (Berline / SUV),163140
57,25,7,Rufisque,Élevé,Particulier (Berline / SUV),206003
52,3,9,Rufisque,Élevé,Particulier (Berline / SUV),224328
51,0,9,Dakar - VDN / Almadies,Élevé,Transport / Clandos,255601
64,13,11,Dakar - Keur Massar / Pikine,Très Élevé,Particulier (Berline / SUV),234805
41,9,6,Dakar - Keur Massar / Pikine,Très Élevé,Taxi Jaune-Noir,238036
39,6,9,Mbour / Saly,Moyen,Taxi Jaune-Noir,214396
22,1,4,Kaolack,Moyen,Particulier (Berline / SUV),211561
50,16,7,Touba / Mbacké,Moyen,Moto / Jakarta,179344
53,18,7,Rufisque,Élevé,Particulier (Berline / SUV),202787
64,20,7,Kaolack,Moyen,Particulier (Berline / SUV),169287
37,3,6,Rufisque,Élevé,Moto / Jakarta,234176
36,0,9,Rufisque,Élevé,Moto / Jakarta,275308
52,31,4,Kaolack,Moyen,Particulier (Berline / SUV),157916
69,47,4,Dakar - VDN / Almadies,Élevé,Particulier (Berline / SUV),180082
60,27,7,Dakar - Keur Massar / Pikine,Très Élevé,Particulier (Berline / SUV),223706
34,5,6,Thiès,Moyen,Particulier (Berline / SUV),166906
62,8,9,Dakar - Plateau / Médina,Élevé,Camion / Utilitaire,281234
60,24,6,Dakar - VDN / Almadies,Élevé,Taxi Jaune-Noir,220677
51,14,4,Ziguinchor,Faible,Particulier (Berline / SUV),140262
26,8,9,Touba / Mbacké,Moyen,Moto / Jakarta,186725
43,17,7,Touba / Mbacké,Moyen,Particulier (Berline / SUV),168122
19,1,4,Dakar - Plateau / Médina,Élevé,Particulier (Berline / SUV),226034
26,1,7,Touba / Mbacké,Moyen,Moto / Jakarta,241041
26,6,7,Kaolack,Moyen,Transport / Clandos,178080
57,2,7,Touba / Mbacké,Moyen,Transport / Clandos,187317
34,13,6,Thiès,Moyen,Taxi Jaune-Noir,207815
18,0,9,Touba / Mbacké,Moyen,Transport / Clandos,236885
42,14,9,Rufisque,Élevé,Particulier (Berline / SUV),200548
60,4,7,Dakar - VDN / Almadies,Élevé,Taxi Jaune-Noir,252732
57,20,4,Kaolack,Moyen,Camion / Utilitaire,239144
59,36,9,Dakar - Keur Massar / Pikine,Très Élevé,Particulier (Berline / SUV),231342
42,13,7,Touba / Mbacké,Moyen,Transport / Clandos,178658
56,36,7,Mbour / Saly,Moyen,Particulier (Berline / SUV),171669
52,25,6,Mbour / Saly,Moyen,Particulier (Berline / SUV),167726
20,2,9,Mbour / Saly,Moyen,Transport / Clandos,200195
67,40,7,Touba / Mbacké,Moyen,Particulier (Berline / SUV),164719
54,26,4,Ziguinchor,Faible,Taxi Jaune-Noir,179913
61,18,6,Rufisque,Élevé,Particulier (Berline / SUV),186348
61,7,9,Saint-Louis,Faible,Moto / Jakarta,172223
68,25,4,Touba / Mbacké,Moyen,Particulier (Berline / SUV),149197
47,0,11,Ziguinchor,Faible,Particulier (Berline / SUV),224552
55,20,7,Saint-Louis,Faible,Particulier (Berline / SUV),154200
51,10,7,Dakar - Plateau / Médina,Élevé,Moto / Jakarta,218616
29,9,6,Thiès,Moyen,Transport / Clandos,160795
36,14,6,Rufisque,Élevé,Transport / Clandos,182134
54,23,11,Touba / Mbacké,Moyen,Particulier (Berline / SUV),189690
61,5,6,Dakar - VDN / Almadies,Élevé,Particulier (Berline / SUV),183442
66,27,9,Kaolack,Moyen,Particulier (Berline / SUV),189973
34,3,6,Dakar - VDN / Almadies,Élevé,Taxi Jaune-Noir,244853
27,3,4,Dakar - VDN / Almadies,Élevé,Particulier (Berline / SUV),208921
66,27,4,Dakar - Plateau / Médina,Élevé,Camion / Utilitaire,268298
64,37,7,Kaolack,Moyen,Transport / Clandos,163011
29,6,14,Dakar - Plateau / Médina,Élevé,Particulier (Berline / SUV),221378
33,2,6,Saint-Louis,Faible,Particulier (Berline / SUV),179058
41,12,6,Dakar - Plateau / Médina,Élevé,Transport / Clandos,192239
36,9,6,Mbour / Saly,Moyen,Particulier (Berline / SUV),157736
25,5,7,Thiès,Moyen,Particulier (Berline / SUV),180425
48,7,6,Mbour / Saly,Moyen,Particulier (Berline / SUV),167228
38,10,9,Touba / Mbacké,Moyen,Taxi Jaune-Noir,212376
34,5,7,Saint-Louis,Faible,Transport / Clandos,152014
40,2,7,Ziguinchor,Faible,Particulier (Berline / SUV),173071
54,32,4,Saint-Louis,Faible,Particulier (Berline / SUV),134309
33,3,14,Ziguinchor,Faible,Particulier (Berline / SUV),207390
23,4,6,Thiès,Moyen,Transport / Clandos,191065
25,3,4,Dakar - Plateau / Médina,Élevé,Particulier (Berline / SUV),215441
42,24,7,Dakar - Plateau / Médina,Élevé,Particulier (Berline / SUV),196957
35,11,7,Kaolack,Moyen,Moto / Jakarta,190954
42,11,6,Touba / Mbacké,Moyen,Camion / Utilitaire,240855
29,11,6,Dakar - VDN / Almadies,Élevé,Camion / Utilitaire,270934
32,13,9,Dakar - Keur Massar / Pikine,Très Élevé,Transport / Clandos,220392
43,20,4,Saint-Louis,Faible,Particulier (Berline / SUV),133160
58,9,9,Saint-Louis,Faible,Particulier (Berline / SUV),159466
62,15,7,Touba / Mbacké,Moyen,Particulier (Berline / SUV),165250
43,3,6,Mbour / Saly,Moyen,Particulier (Berline / SUV),182499
64,9,6,Rufisque,Élevé,Camion / Utilitaire,280337
49,16,6,Touba / Mbacké,Moyen,Transport / Clandos,173844
27,3,9,Dakar - Keur Massar / Pikine,Très Élevé,Transport / Clandos,243854
33,5,7,Dakar - Plateau / Médina,Élevé,Particulier (Berline / SUV),193269
24,4,6,Ziguinchor,Faible,Moto / Jakarta,194777
34,4,7,Mbour / Saly,Moyen,Transport / Clandos,197979
40,20,14,Mbour / Saly,Moyen,Particulier (Berline / SUV),211001
43,2,6,Kaolack,Moyen,Moto / Jakarta,207436
38,5,11,Thiès,Moyen,Particulier (Berline / SUV),188381
39,20,6,Dakar - Keur Massar / Pikine,Très Élevé,Particulier (Berline / SUV),206638
24,3,4,Mbour / Saly,Moyen,Taxi Jaune-Noir,217282
31,7,6,Dakar - Keur Massar / Pikine,Très Élevé,Taxi Jaune-Noir,255811
32,12,6,Touba / Mbacké,Moyen,Particulier (Berline / SUV),165022
24,4,6,Ziguinchor,Faible,Particulier (Berline / SUV),167612
26,7,4,Ziguinchor,Faible,Camion / Utilitaire,210334
68,43,11,Saint-Louis,Faible,Taxi Jaune-Noir,204703
65,36,9,Dakar - Plateau / Médina,Élevé,Transport / Clandos,206599
25,5,7,Saint-Louis,Faible,Particulier (Berline / SUV),159213
67,40,4,Mbour / Saly,Moyen,Particulier (Berline / SUV),162537
40,10,4,Thiès,Moyen,Particulier (Berline / SUV),149662
46,4,4,Saint-Louis,Faible,Particulier (Berline / SUV),157262
35,14,7,Saint-Louis,Faible,Particulier (Berline / SUV),142450
48,2,11,Saint-Louis,Faible,Particulier (Berline / SUV),199925
47,15,6,Dakar - Keur Massar / Pikine,Très Élevé,Taxi Jaune-Noir,238653
69,28,4,Touba / Mbacké,Moyen,Particulier (Berline / SUV),151471
56,19,7,Thiès,Moyen,Transport / Clandos,174069
52,17,6,Ziguinchor,Faible,Particulier (Berline / SUV),138762
35,1,6,Kaolack,Moyen,Particulier (Berline / SUV),209821
59,22,7,Dakar - Keur Massar / Pikine,Très Élevé,Particulier (Berline / SUV),220474
56,32,7,Mbour / Saly,Moyen,Particulier (Berline / SUV),174342
34,2,4,Thiès,Moyen,Particulier (Berline / SUV),178864
31,4,4,Ziguinchor,Faible,Camion / Utilitaire,252533
48,14,14,Thiès,Moyen,Transport / Clandos,212423
41,14,6,Rufisque,Élevé,Particulier (Berline / SUV),196609
52,2,4,Rufisque,Élevé,Particulier (Berline / SUV),209653
61,3,4,Saint-Louis,Faible,Taxi Jaune-Noir,198238
62,23,4,Saint-Louis,Faible,Transport / Clandos,138889
51,18,6,Rufisque,Élevé,Particulier (Berline / SUV),188492
20,0,9,Kaolack,Moyen,Taxi Jaune-Noir,272981
54,5,6,Ziguinchor,Faible,Transport / Clandos,139573
60,39,6,Mbour / Saly,Moyen,Transport / Clandos,172259
57,38,7,Dakar - Plateau / Médina,Élevé,Transport / Clandos,205105
43,16,7,Dakar - Plateau / Médina,Élevé,Moto / Jakarta,205818
40,12,9,Dakar - Keur Massar / Pikine,Très Élevé,Moto / Jakarta,233544
61,29,9,Kaolack,Moyen,Particulier (Berline / SUV),185844
56,37,4,Kaolack,Moyen,Taxi Jaune-Noir,186187
32,8,9,Mbour / Saly,Moyen,Transport / Clandos,185428
66,47,6,Thiès,Moyen,Taxi Jaune-Noir,202170
21,0,14,Dakar - Plateau / Médina,Élevé,Camion / Utilitaire,363250
46,14,6,Thiès,Moyen,Particulier (Berline / SUV),172418
39,18,14,Thiès,Moyen,Particulier (Berline / SUV),200592
42,20,9,Kaolack,Moyen,Particulier (Berline / SUV),177833
30,3,6,Thiès,Moyen,Particulier (Berline / SUV),186709
35,10,7,Dakar - Plateau / Médina,Élevé,Particulier (Berline / SUV),194955
50,30,14,Ziguinchor,Faible,Transport / Clandos,184909
33,4,9,Dakar - VDN / Almadies,Élevé,Particulier (Berline / SUV),233347
62,3,4,Thiès,Moyen,Transport / Clandos,179008
59,28,7,Mbour / Saly,Moyen,Taxi Jaune-Noir,207324
61,6,6,Touba / Mbacké,Moyen,Particulier (Berline / SUV),167641
19,1,4,Saint-Louis,Faible,Particulier (Berline / SUV),192853
52,5,6,Mbour / Saly,Moyen,Taxi Jaune-Noir,207974
59,32,6,Rufisque,Élevé,Transport / Clandos,182991
51,11,9,Dakar - Plateau / Médina,Élevé,Moto / Jakarta,212641
47,1,6,Touba / Mbacké,Moyen,Moto / Jakarta,237575
30,3,9,Saint-Louis,Faible,Camion / Utilitaire,259199
30,11,4,Mbour / Saly,Moyen,Taxi Jaune-Noir,194516
35,14,6,Touba / Mbacké,Moyen,Moto / Jakarta,187684
49,28,6,Dakar - VDN / Almadies,Élevé,Transport / Clandos,197113
49,10,6,Dakar - Plateau / Médina,Élevé,Moto / Jakarta,202596
52,23,4,Ziguinchor,Faible,Particulier (Berline / SUV),137249
56,23,4,Dakar - Keur Massar / Pikine,Très Élevé,Camion / Utilitaire,284423
63,18,7,Kaolack,Moyen,Particulier (Berline / SUV),181306
69,24,6,Dakar - VDN / Almadies,Élevé,Transport / Clandos,200831
46,13,6,Rufisque,Élevé,Particulier (Berline / SUV),186174
66,21,6,Kaolack,Moyen,Particulier (Berline / SUV),173644
46,21,9,Ziguinchor,Faible,Particulier (Berline / SUV),153872
61,38,11,Dakar - VDN / Almadies,Élevé,Particulier (Berline / SUV),217793
33,1,6,Saint-Louis,Faible,Particulier (Berline / SUV),190505
61,40,6,Touba / Mbacké,Moyen,Transport / Clandos,167678
64,41,4,Dakar - Plateau / Médina,Élevé,Particulier (Berline / SUV),191223
27,5,11,Touba / Mbacké,Moyen,Particulier (Berline / SUV),181824
47,2,4,Thiès,Moyen,Particulier (Berline / SUV),182899
42,10,6,Mbour / Saly,Moyen,Taxi Jaune-Noir,209457
56,6,6,Rufisque,Élevé,Particulier (Berline / SUV),197105
37,17,6,Thiès,Moyen,Particulier (Berline / SUV),170133
22,3,4,Thiès,Moyen,Particulier (Berline / SUV),192350
18,0,9,Rufisque,Élevé,Taxi Jaune-Noir,294047
47,8,4,Mbour / Saly,Moyen,Particulier (Berline / SUV),155817
66,46,7,Saint-Louis,Faible,Particulier (Berline / SUV),149485
20,2,4,Mbour / Saly,Moyen,Particulier (Berline / SUV),190955
62,38,4,Dakar - Plateau / Médina,Élevé,Camion / Utilitaire,258210
31,13,11,Touba / Mbacké,Moyen,Particulier (Berline / SUV),195306
47,4,4,Saint-Louis,Faible,Taxi Jaune-Noir,200576
67,21,9,Dakar - Keur Massar / Pikine,Très Élevé,Particulier (Berline / SUV),217664
21,0,7,Touba / Mbacké,Moyen,Particulier (Berline / SUV),222664
35,4,4,Saint-Louis,Faible,Particulier (Berline / SUV),159823
54,22,11,Mbour / Saly,Moyen,Particulier (Berline / SUV),198864
42,9,6,Rufisque,Élevé,Particulier (Berline / SUV),196127
65,41,9,Mbour / Saly,Moyen,Particulier (Berline / SUV),184765
18,0,4,Dakar - Keur Massar / Pikine,Très Élevé,Particulier (Berline / SUV),261586
63,8,9,Saint-Louis,Faible,Taxi Jaune-Noir,196713
32,9,4,Dakar - Plateau / Médina,Élevé,Camion / Utilitaire,270843
26,1,7,Mbour / Saly,Moyen,Particulier (Berline / SUV),219238
32,4,9,Saint-Louis,Faible,Taxi Jaune-Noir,216171
66,35,11,Touba / Mbacké,Moyen,Camion / Utilitaire,262052
41,12,11,Dakar - Keur Massar / Pikine,Très Élevé,Transport / Clandos,243315
21,2,9,Dakar - Plateau / Médina,Élevé,Particulier (Berline / SUV),236445
29,2,9,Saint-Louis,Faible,Transport / Clandos,179246
54,33,4,Dakar - VDN / Almadies,Élevé,Particulier (Berline / SUV),192404
54,5,6,Mbour / Saly,Moyen,Taxi Jaune-Noir,211532
60,41,6,Dakar - Keur Massar / Pikine,Très Élevé,Particulier (Berline / SUV),217168
23,5,6,Dakar - Plateau / Médina,Élevé,Particulier (Berline / SUV),192661
56,27,6,Dakar - Plateau / Médina,Élevé,Particulier (Berline / SUV),200189
63,32,7,Thiès,Moyen,Particulier (Berline / SUV),164699
41,11,4,Kaolack,Moyen,Taxi Jaune-Noir,197588
28,0,7,Dakar - Keur Massar / Pikine,Très Élevé,Particulier (Berline / SUV),262272
30,5,4,Dakar - Plateau / Médina,Élevé,Taxi Jaune-Noir,218093
51,19,6,Saint-Louis,Faible,Particulier (Berline / SUV),150297
42,5,7,Thiès,Moyen,Particulier (Berline / SUV),163780
24,1,9,Kaolack,Moyen,Taxi Jaune-Noir,275103
69,21,7,Touba / Mbacké,Moyen,Camion / Utilitaire,245063
21,3,7,Saint-Louis,Faible,Particulier (Berline / SUV),186043
25,3,4,Mbour / Saly,Moyen,Particulier (Berline / SUV),185416
37,7,7,Kaolack,Moyen,Moto / Jakarta,187228
46,4,4,Dakar - Keur Massar / Pikine,Très Élevé,Particulier (Berline / SUV),234197
68,9,6,Mbour / Saly,Moyen,Moto / Jakarta,174014
62,4,6,Ziguinchor,Faible,Taxi Jaune-Noir,199966
63,18,4,Ziguinchor,Faible,Particulier (Berline / SUV),135130
27,1,6,Dakar - Keur Massar / Pikine,Très Élevé,Particulier (Berline / SUV),256552
60,32,11,Touba / Mbacké,Moyen,Particulier (Berline / SUV),198530
51,33,11,Kaolack,Moyen,Particulier (Berline / SUV),179506
43,1,6,Thiès,Moyen,Moto / Jakarta,226807
58,21,4,Dakar - VDN / Almadies,Élevé,Transport / Clandos,177889
66,39,4,Dakar - Plateau / Médina,Élevé,Taxi Jaune-Noir,222843
20,0,6,Dakar - VDN / Almadies,Élevé,Transport / Clandos,249408
23,4,11,Ziguinchor,Faible,Particulier (Berline / SUV),194051
22,3,4,Ziguinchor,Faible,Taxi Jaune-Noir,200778
22,1,9,Touba / Mbacké,Moyen,Particulier (Berline / SUV),239437
64,10,4,Dakar - VDN / Almadies,Élevé,Transport / Clandos,187652
40,5,14,Dakar - VDN / Almadies,Élevé,Particulier (Berline / SUV),224411
66,44,6,Thiès,Moyen,Taxi Jaune-Noir,198739
26,2,9,Touba / Mbacké,Moyen,Moto / Jakarta,220874
52,28,6,Touba / Mbacké,Moyen,Particulier (Berline / SUV),166821
37,1,7,Dakar - Keur Massar / Pikine,Très Élevé,Particulier (Berline / SUV),275186
66,26,4,Mbour / Saly,Moyen,Taxi Jaune-Noir,192979
59,23,4,Touba / Mbacké,Moyen,Particulier (Berline / SUV),162245
52,15,11,Touba / Mbacké,Moyen,Taxi Jaune-Noir,225780
67,28,11,Saint-Louis,Faible,Camion / Utilitaire,242425
35,9,9,Kaolack,Moyen,Particulier (Berline / SUV),189594
34,14,7,Kaolack,Moyen,Particulier (Berline / SUV),161766
41,7,9,Rufisque,Élevé,Taxi Jaune-Noir,247225
20,2,4,Dakar - VDN / Almadies,Élevé,Particulier (Berline / SUV),211244
49,15,6,Dakar - Plateau / Médina,Élevé,Particulier (Berline / SUV),186179
52,19,6,Dakar - VDN / Almadies,Élevé,Moto / Jakarta,206639
55,30,7,Dakar - Keur Massar / Pikine,Très Élevé,Taxi Jaune-Noir,243545
30,3,6,Dakar - Keur Massar / Pikine,Très Élevé,Particulier (Berline / SUV),239098
64,23,4,Dakar - Keur Massar / Pikine,Très Élevé,Particulier (Berline / SUV),210985
42,21,7,Mbour / Saly,Moyen,Taxi Jaune-Noir,198240
26,7,9,Dakar - Plateau / Médina,Élevé,Transport / Clandos,195527
21,3,6,Kaolack,Moyen,Transport / Clandos,200351
31,12,4,Thiès,Moyen,Particulier (Berline / SUV),159771
54,18,4,Kaolack,Moyen,Moto / Jakarta,166594
51,24,6,Mbour / Saly,Moyen,Taxi Jaune-Noir,201247
28,8,6,Dakar - Keur Massar / Pikine,Très Élevé,Taxi Jaune-Noir,238021
58,33,7,Mbour / Saly,Moyen,Taxi Jaune-Noir,204208
20,1,7,Kaolack,Moyen,Particulier (Berline / SUV),225646
45,5,7,Thiès,Moyen,Camion / Utilitaire,260838
46,26,6,Rufisque,Élevé,Particulier (Berline / SUV),194919
26,3,9,Dakar - Plateau / Médina,Élevé,Particulier (Berline / SUV),230924
20,2,6,Mbour / Saly,Moyen,Transport / Clandos,194543
42,4,6,Kaolack,Moyen,Taxi Jaune-Noir,230304
51,16,9,Dakar - Plateau / Médina,Élevé,Transport / Clandos,208003
29,0,4,Kaolack,Moyen,Taxi Jaune-Noir,247260
59,41,4,Kaolack,Moyen,Particulier (Berline / SUV),165862
26,7,9,Thiès,Moyen,Moto / Jakarta,192421
32,13,6,Rufisque,Élevé,Particulier (Berline / SUV),187682
57,23,7,Dakar - Plateau / Médina,Élevé,Moto / Jakarta,217060
42,17,4,Dakar - Keur Massar / Pikine,Très Élevé,Particulier (Berline / SUV),197557
22,0,7,Dakar - Plateau / Médina,Élevé,Transport / Clandos,242667
28,8,6,Touba / Mbacké,Moyen,Particulier (Berline / SUV),175200
51,7,4,Dakar - Keur Massar / Pikine,Très Élevé,Taxi Jaune-Noir,240602
41,9,7,Dakar - Plateau / Médina,Élevé,Moto / Jakarta,213305
32,1,6,Saint-Louis,Faible,Particulier (Berline / SUV),200671
55,10,6,Saint-Louis,Faible,Transport / Clandos,142055
25,4,4,Kaolack,Moyen,Transport / Clandos,182452
22,3,4,Dakar - Keur Massar / Pikine,Très Élevé,Transport / Clandos,222113
65,32,6,Dakar - Plateau / Médina,Élevé,Moto / Jakarta,201400
43,4,4,Kaolack,Moyen,Particulier (Berline / SUV),173380
35,13,11,Dakar - VDN / Almadies,Élevé,Particulier (Berline / SUV),206850
23,0,4,Kaolack,Moyen,Particulier (Berline / SUV),198514
54,14,6,Mbour / Saly,Moyen,Particulier (Berline / SUV),161718
65,28,4,Saint-Louis,Faible,Particulier (Berline / SUV),143948
30,5,6,Dakar - VDN / Almadies,Élevé,Taxi Jaune-Noir,231310
45,0,11,Ziguinchor,Faible,Particulier (Berline / SUV),213949
22,3,4,Mbour / Saly,Moyen,Particulier (Berline / SUV),175774
30,0,11,Dakar - Keur Massar / Pikine,Très Élevé,Particulier (Berline / SUV),278996
34,12,6,Kaolack,Moyen,Transport / Clandos,170626
67,32,7,Saint-Louis,Faible,Taxi Jaune-Noir,191443
57,23,7,Rufisque,Élevé,Particulier (Berline / SUV),206305
62,15,9,Saint-Louis,Faible,Moto / Jakarta,179449
49,24,7,Thiès,Moyen,Particulier (Berline / SUV),167391
46,2,7,Saint-Louis,Faible,Camion / Utilitaire,261389
68,23,4,Rufisque,Élevé,Taxi Jaune-Noir,224692
20,0,4,Rufisque,Élevé,Particulier (Berline / SUV),236897
57,1,11,Kaolack,Moyen,Taxi Jaune-Noir,282589
51,20,6,Dakar - Keur Massar / Pikine,Très Élevé,Transport / Clandos,216747
57,6,6,Rufisque,Élevé,Particulier (Berline / SUV),194606
44,26,9,Saint-Louis,Faible,Moto / Jakarta,177142
30,11,6,Dakar - Keur Massar / Pikine,Très Élevé,Particulier (Berline / SUV),209397
62,41,11,Dakar - Plateau / Médina,Élevé,Particulier (Berline / SUV),210588
50,21,7,Saint-Louis,Faible,Particulier (Berline / SUV),155418
23,1,7,Touba / Mbacké,Moyen,Particulier (Berline / SUV),231310
41,4,9,Kaolack,Moyen,Particulier (Berline / SUV),195743
36,1,4,Mbour / Saly,Moyen,Moto / Jakarta,231937
33,9,6,Kaolack,Moyen,Particulier (Berline / SUV),173323
57,30,6,Rufisque,Élevé,Particulier (Berline / SUV),189757
45,22,6,Ziguinchor,Faible,Taxi Jaune-Noir,188440
50,8,7,Thiès,Moyen,Moto / Jakarta,185322
65,45,11,Touba / Mbacké,Moyen,Camion / Utilitaire,272962
58,30,6,Rufisque,Élevé,Transport / Clandos,199896
30,7,6,Saint-Louis,Faible,Camion / Utilitaire,235885
60,39,11,Dakar - Keur Massar / Pikine,Très Élevé,Transport / Clandos,236524
62,0,6,Touba / Mbacké,Moyen,Camion / Utilitaire,288096
42,2,6,Ziguinchor,Faible,Transport / Clandos,163240
59,1,6,Mbour / Saly,Moyen,Particulier (Berline / SUV),225617
53,16,11,Dakar - Keur Massar / Pikine,Très Élevé,Particulier (Berline / SUV),240335
44,6,7,Thiès,Moyen,Taxi Jaune-Noir,208577
55,9,9,Dakar - VDN / Almadies,Élevé,Particulier (Berline / SUV),199208
24,4,9,Thiès,Moyen,Particulier (Berline / SUV),214514
22,4,6,Kaolack,Moyen,Taxi Jaune-Noir,232778
60,33,6,Touba / Mbacké,Moyen,Moto / Jakarta,174623
62,27,9,Kaolack,Moyen,Particulier (Berline / SUV),175155
68,7,6,Rufisque,Élevé,Transport / Clandos,199249
48,24,9,Dakar - Plateau / Médina,Élevé,Transport / Clandos,204656
40,9,11,Rufisque,Élevé,Camion / Utilitaire,299735
59,15,7,Mbour / Saly,Moyen,Moto / Jakarta,193439
27,4,7,Touba / Mbacké,Moyen,Transport / Clandos,189063
49,7,9,Dakar - Plateau / Médina,Élevé,Taxi Jaune-Noir,247649
60,3,9,Dakar - Keur Massar / Pikine,Très Élevé,Particulier (Berline / SUV),260490
47,7,6,Dakar - Plateau / Médina,Élevé,Taxi Jaune-Noir,219898
56,26,4,Mbour / Saly,Moyen,Transport / Clandos,156035
48,20,6,Saint-Louis,Faible,Moto / Jakarta,167481
35,14,7,Kaolack,Moyen,Transport / Clandos,164058
53,4,6,Ziguinchor,Faible,Particulier (Berline / SUV),179668
19,0,7,Rufisque,Élevé,Taxi Jaune-Noir,290493
31,13,6,Touba / Mbacké,Moyen,Particulier (Berline / SUV),167239
30,7,7,Mbour / Saly,Moyen,Particulier (Berline / SUV),163229
46,19,4,Dakar - VDN / Almadies,Élevé,Particulier (Berline / SUV),184257
29,8,7,Ziguinchor,Faible,Particulier (Berline / SUV),159031
56,1,7,Mbour / Saly,Moyen,Transport / Clandos,211853
19,0,6,Dakar - VDN / Almadies,Élevé,Particulier (Berline / SUV),247363
49,9,6,Dakar - VDN / Almadies,Élevé,Particulier (Berline / SUV),196877
30,4,7,Dakar - VDN / Almadies,Élevé,Camion / Utilitaire,308298
63,27,6,Saint-Louis,Faible,Particulier (Berline / SUV),152375
44,0,6,Dakar - Plateau / Médina,Élevé,Particulier (Berline / SUV),250807
66,39,11,Thiès,Moyen,Particulier (Berline / SUV),190363
58,22,7,Rufisque,Élevé,Particulier (Berline / SUV),200295
34,7,11,Dakar - VDN / Almadies,Élevé,Particulier (Berline / SUV),216064
57,36,6,Mbour / Saly,Moyen,Particulier (Berline / SUV),166654
48,13,6,Dakar - Keur Massar / Pikine,Très Élevé,Taxi Jaune-Noir,246476
51,11,9,Dakar - Keur Massar / Pikine,Très Élevé,Particulier (Berline / SUV),220988
41,21,7,Touba / Mbacké,Moyen,Particulier (Berline / SUV),162657
62,42,7,Kaolack,Moyen,Moto / Jakarta,196083
52,5,6,Dakar - VDN / Almadies,Élevé,Particulier (Berline / SUV),191963
65,33,6,Mbour / Saly,Moyen,Moto / Jakarta,190471
23,2,4,Dakar - VDN / Almadies,Élevé,Particulier (Berline / SUV),206534
36,2,6,Saint-Louis,Faible,Particulier (Berline / SUV),164012
47,16,4,Kaolack,Moyen,Transport / Clandos,163504
24,4,4,Dakar - VDN / Almadies,Élevé,Particulier (Berline / SUV),216944
27,8,14,Rufisque,Élevé,Particulier (Berline / SUV),223540
58,32,6,Dakar - Keur Massar / Pikine,Très Élevé,Taxi Jaune-Noir,255771
49,1,7,Dakar - VDN / Almadies,Élevé,Particulier (Berline / SUV),238191
51,24,9,Rufisque,Élevé,Transport / Clandos,205060
45,27,7,Rufisque,Élevé,Moto / Jakarta,202394
32,7,4,Dakar - Plateau / Médina,Élevé,Particulier (Berline / SUV),182398
47,1,7,Rufisque,Élevé,Taxi Jaune-Noir,287384
54,24,7,Kaolack,Moyen,Taxi Jaune-Noir,199203
46,11,7,Dakar - Keur Massar / Pikine,Très Élevé,Camion / Utilitaire,290655
39,8,9,Touba / Mbacké,Moyen,Transport / Clandos,187067
21,0,14,Saint-Louis,Faible,Moto / Jakarta,240518
37,11,7,Dakar - Keur Massar / Pikine,Très Élevé,Particulier (Berline / SUV),215604
49,4,6,Mbour / Saly,Moyen,Transport / Clandos,190259
53,22,7,Touba / Mbacké,Moyen,Particulier (Berline / SUV),165843
67,15,4,Rufisque,Élevé,Particulier (Berline / SUV),182206
21,0,9,Dakar - VDN / Almadies,Élevé,Moto / Jakarta,269518
44,24,4,Dakar - Plateau / Médina,Élevé,Particulier (Berline / SUV),181419
34,10,6,Touba / Mbacké,Moyen,Camion / Utilitaire,237465
29,2,9,Mbour / Saly,Moyen,Particulier (Berline / SUV),199155
39,1,7,Mbour / Saly,Moyen,Transport / Clandos,231286
34,11,6,Touba / Mbacké,Moyen,Particulier (Berline / SUV),162721
27,8,6,Dakar - Plateau / Médina,Élevé,Particulier (Berline / SUV),201391
18,0,9,Rufisque,Élevé,Particulier (Berline / SUV),250452
39,20,6,Kaolack,Moyen,Taxi Jaune-Noir,206635
43,5,9,Mbour / Saly,Moyen,Particulier (Berline / SUV),182616
35,14,4,Rufisque,Élevé,Taxi Jaune-Noir,213747
67,44,9,Kaolack,Moyen,Particulier (Berline / SUV),179060
31,7,9,Kaolack,Moyen,Particulier (Berline / SUV),178239
64,40,4,Mbour / Saly,Moyen,Particulier (Berline / SUV),163889
46,5,6,Touba / Mbacké,Moyen,Particulier (Berline / SUV),162924
29,2,4,Kaolack,Moyen,Transport / Clandos,190281
53,4,7,Dakar - VDN / Almadies,Élevé,Moto / Jakarta,227584
52,29,7,Dakar - Keur Massar / Pikine,Très Élevé,Particulier (Berline / SUV),217734
69,2,7,Saint-Louis,Faible,Taxi Jaune-Noir,204265
29,4,4,Mbour / Saly,Moyen,Transport / Clandos,177753
24,1,6,Ziguinchor,Faible,Particulier (Berline / SUV),206514
46,1,4,Kaolack,Moyen,Particulier (Berline / SUV),203051
28,3,6,Thiès,Moyen,Taxi Jaune-Noir,233251
50,2,7,Dakar - VDN / Almadies,Élevé,Particulier (Berline / SUV),225031
23,2,9,Ziguinchor,Faible,Particulier (Berline / SUV),188055
64,19,7,Rufisque,Élevé,Particulier (Berline / SUV),194297
32,8,6,Saint-Louis,Faible,Taxi Jaune-Noir,186423
49,25,11,Dakar - Plateau / Médina,Élevé,Particulier (Berline / SUV),209981
68,34,7,Kaolack,Moyen,Particulier (Berline / SUV),168409
28,7,11,Dakar - Plateau / Médina,Élevé,Particulier (Berline / SUV),223431
40,8,7,Saint-Louis,Faible,Particulier (Berline / SUV),152807
43,1,6,Dakar - VDN / Almadies,Élevé,Particulier (Berline / SUV),233780
51,12,4,Dakar - VDN / Almadies,Élevé,Moto / Jakarta,196663
63,18,7,Saint-Louis,Faible,Particulier (Berline / SUV),145300
51,22,4,Dakar - VDN / Almadies,Élevé,Taxi Jaune-Noir,209721
46,27,6,Kaolack,Moyen,Particulier (Berline / SUV),162491
21,0,7,Saint-Louis,Faible,Taxi Jaune-Noir,241704
34,10,7,Mbour / Saly,Moyen,Taxi Jaune-Noir,209566
52,17,7,Thiès,Moyen,Particulier (Berline / SUV),177105
30,1,4,Rufisque,Élevé,Transport / Clandos,232875
58,23,6,Dakar - Keur Massar / Pikine,Très Élevé,Particulier (Berline / SUV),217606
56,27,7,Touba / Mbacké,Moyen,Transport / Clandos,178949
32,14,11,Thiès,Moyen,Particulier (Berline / SUV),187156
46,12,7,Dakar - Keur Massar / Pikine,Très Élevé,Camion / Utilitaire,298945
46,23,11,Touba / Mbacké,Moyen,Transport / Clandos,192281
28,7,9,Dakar - Plateau / Médina,Élevé,Camion / Utilitaire,291051
69,24,7,Thiès,Moyen,Taxi Jaune-Noir,205105
49,21,4,Ziguinchor,Faible,Particulier (Berline / SUV),132756
19,0,7,Thiès,Moyen,Transport / Clandos,228881
64,31,7,Dakar - VDN / Almadies,Élevé,Moto / Jakarta,215745
31,11,7,Kaolack,Moyen,Camion / Utilitaire,241888
37,15,6,Kaolack,Moyen,Particulier (Berline / SUV),166463
39,11,7,Dakar - Keur Massar / Pikine,Très Élevé,Transport / Clandos,221206
28,8,6,Dakar - VDN / Almadies,Élevé,Particulier (Berline / SUV),194517
44,8,7,Dakar - Plateau / Médina,Élevé,Taxi Jaune-Noir,231844
20,0,4,Kaolack,Moyen,Particulier (Berline / SUV),215375
34,13,9,Rufisque,Élevé,Particulier (Berline / SUV),196844
61,5,4,Dakar - Plateau / Médina,Élevé,Moto / Jakarta,191190
45,13,4,Dakar - VDN / Almadies,Élevé,Particulier (Berline / SUV),190409
46,19,6,Dakar - VDN / Almadies,Élevé,Taxi Jaune-Noir,228594
38,5,7,Dakar - Keur Massar / Pikine,Très Élevé,Taxi Jaune-Noir,255648
64,34,6,Mbour / Saly,Moyen,Particulier (Berline / SUV),165932
33,9,6,Kaolack,Moyen,Particulier (Berline / SUV),167976
54,20,7,Dakar - VDN / Almadies,Élevé,Taxi Jaune-Noir,230358
37,3,6,Dakar - VDN / Almadies,Élevé,Particulier (Berline / SUV),215751
23,0,11,Rufisque,Élevé,Transport / Clandos,257720
36,10,11,Thiès,Moyen,Camion / Utilitaire,267867
22,2,7,Thiès,Moyen,Particulier (Berline / SUV),205642
20,1,6,Dakar - VDN / Almadies,Élevé,Particulier (Berline / SUV),244817
18,0,7,Dakar - Plateau / Médina,Élevé,Particulier (Berline / SUV),251609
55,27,4,Rufisque,Élevé,Transport / Clandos,180923
32,2,6,Dakar - Plateau / Médina,Élevé,Particulier (Berline / SUV),226291
51,28,6,Touba / Mbacké,Moyen,Particulier (Berline / SUV),163387
52,22,11,Mbour / Saly,Moyen,Taxi Jaune-Noir,231537
66,28,4,Thiès,Moyen,Camion / Utilitaire,239056
42,1,7,Thiès,Moyen,Particulier (Berline / SUV),217395
41,23,7,Rufisque,Élevé,Particulier (Berline / SUV),196765
29,5,6,Saint-Louis,Faible,Camion / Utilitaire,234944
35,13,4,Dakar - Plateau / Médina,Élevé,Taxi Jaune-Noir,208346
32,4,14,Kaolack,Moyen,Transport / Clandos,218277
61,40,7,Rufisque,Élevé,Taxi Jaune-Noir,223726
33,1,7,Dakar - Keur Massar / Pikine,Très Élevé,Camion / Utilitaire,336891
44,2,6,Saint-Louis,Faible,Taxi Jaune-Noir,210475
25,6,6,Ziguinchor,Faible,Moto / Jakarta,155201
63,23,6,Dakar - Plateau / Médina,Élevé,Taxi Jaune-Noir,234211
42,16,4,Saint-Louis,Faible,Transport / Clandos,131404
34,5,4,Rufisque,Élevé,Particulier (Berline / SUV),187612
46,0,9,Kaolack,Moyen,Particulier (Berline / SUV),232018
25,2,6,Dakar - Keur Massar / Pikine,Très Élevé,Transport / Clandos,234189
32,13,4,Mbour / Saly,Moyen,Particulier (Berline / SUV),157283
44,19,7,Saint-Louis,Faible,Taxi Jaune-Noir,184754
63,43,9,Mbour / Saly,Moyen,Particulier (Berline / SUV),176826
67,28,4,Dakar - VDN / Almadies,Élevé,Transport / Clandos,174115
69,2,7,Thiès,Moyen,Particulier (Berline / SUV),187276
24,1,4,Touba / Mbacké,Moyen,Transport / Clandos,201012
20,0,4,Thiès,Moyen,Taxi Jaune-Noir,234863
46,7,4,Ziguinchor,Faible,Particulier (Berline / SUV),147468
61,41,9,Kaolack,Moyen,Taxi Jaune-Noir,212604
41,11,4,Dakar - Keur Massar / Pikine,Très Élevé,Particulier (Berline / SUV),212640
20,1,4,Mbour / Saly,Moyen,Particulier (Berline / SUV),201990
37,12,6,Rufisque,Élevé,Particulier (Berline / SUV),185931
63,36,9,Mbour / Saly,Moyen,Particulier (Berline / SUV),173330
32,0,6,Kaolack,Moyen,Camion / Utilitaire,306814
42,19,6,Rufisque,Élevé,Particulier (Berline / SUV),186256
47,4,4,Rufisque,Élevé,Taxi Jaune-Noir,245319
31,10,6,Ziguinchor,Faible,Particulier (Berline / SUV),155548
24,3,7,Kaolack,Moyen,Taxi Jaune-Noir,227554
34,11,7,Saint-Louis,Faible,Particulier (Berline / SUV),145132
61,23,6,Thiès,Moyen,Taxi Jaune-Noir,198037
37,14,6,Dakar - VDN / Almadies,Élevé,Transport / Clandos,190301
53,4,4,Mbour / Saly,Moyen,Taxi Jaune-Noir,217652
26,2,6,Saint-Louis,Faible,Particulier (Berline / SUV),177301
55,33,4,Dakar - VDN / Almadies,Élevé,Taxi Jaune-Noir,210481
65,23,9,Dakar - Keur Massar / Pikine,Très Élevé,Particulier (Berline / SUV),230358
39,12,11,Touba / Mbacké,Moyen,Particulier (Berline / SUV),188556
19,1,14,Mbour / Saly,Moyen,Particulier (Berline / SUV),256991
41,20,9,Ziguinchor,Faible,Particulier (Berline / SUV),161097
25,4,7,Dakar - VDN / Almadies,Élevé,Particulier (Berline / SUV),219932
28,3,7,Rufisque,Élevé,Transport / Clandos,216807
30,1,6,Saint-Louis,Faible,Particulier (Berline / SUV),189424
34,0,7,Thiès,Moyen,Particulier (Berline / SUV),220586
25,2,6,Ziguinchor,Faible,Particulier (Berline / SUV),164044
38,15,6,Mbour / Saly,Moyen,Taxi Jaune-Noir,204543
35,16,9,Kaolack,Moyen,Taxi Jaune-Noir,218233
47,12,6,Saint-Louis,Faible,Particulier (Berline / SUV),147900
35,17,6,Ziguinchor,Faible,Transport / Clandos,138968
63,7,11,Touba / Mbacké,Moyen,Taxi Jaune-Noir,222961
64,16,4,Mbour / Saly,Moyen,Particulier (Berline / SUV),156672
48,24,6,Dakar - Keur Massar / Pikine,Très Élevé,Taxi Jaune-Noir,242830
55,16,11,Thiès,Moyen,Taxi Jaune-Noir,228936
49,28,7,Dakar - Keur Massar / Pikine,Très Élevé,Taxi Jaune-Noir,243774
28,3,7,Dakar - VDN / Almadies,Élevé,Particulier (Berline / SUV),227612
62,39,6,Kaolack,Moyen,Particulier (Berline / SUV),163575
42,9,6,Dakar - VDN / Almadies,Élevé,Particulier (Berline / SUV),201998
50,31,9,Thiès,Moyen,Taxi Jaune-Noir,218365
55,12,7,Saint-Louis,Faible,Moto / Jakarta,162347
58,7,7,Dakar - VDN / Almadies,Élevé,Particulier (Berline / SUV),202623
25,2,4,Kaolack,Moyen,Particulier (Berline / SUV),176553
28,1,4,Dakar - Plateau / Médina,Élevé,Transport / Clandos,227714
39,14,11,Dakar - Plateau / Médina,Élevé,Transport / Clandos,222215
68,11,6,Ziguinchor,Faible,Moto / Jakarta,166131
41,22,7,Ziguinchor,Faible,Taxi Jaune-Noir,183656
58,28,4,Mbour / Saly,Moyen,Moto / Jakarta,166481
34,2,7,Ziguinchor,Faible,Particulier (Berline / SUV),180969
29,10,11,Touba / Mbacké,Moyen,Particulier (Berline / SUV),187986
63,20,7,Ziguinchor,Faible,Particulier (Berline / SUV),144884
49,22,4,Touba / Mbacké,Moyen,Transport / Clandos,149142
32,11,7,Ziguinchor,Faible,Particulier (Berline / SUV),143889
33,2,9,Dakar - Keur Massar / Pikine,Très Élevé,Particulier (Berline / SUV),242807
39,17,6,Rufisque,Élevé,Particulier (Berline / SUV),200721
45,17,9,Touba / Mbacké,Moyen,Particulier (Berline / SUV),178711
37,9,7,Saint-Louis,Faible,Moto / Jakarta,171110
50,19,9,Mbour / Saly,Moyen,Particulier (Berline / SUV),171114
27,2,7,Thiès,Moyen,Particulier (Berline / SUV),202808
57,11,4,Touba / Mbacké,Moyen,Transport / Clandos,152877
49,23,6,Dakar - VDN / Almadies,Élevé,Particulier (Berline / SUV),182028
67,32,6,Rufisque,Élevé,Taxi Jaune-Noir,218239
50,14,11,Dakar - Keur Massar / Pikine,Très Élevé,Transport / Clandos,237295
19,0,9,Dakar - Plateau / Médina,Élevé,Moto / Jakarta,269230
50,12,7,Dakar - Keur Massar / Pikine,Très Élevé,Moto / Jakarta,226467
50,8,6,Ziguinchor,Faible,Particulier (Berline / SUV),147807
58,15,4,Mbour / Saly,Moyen,Taxi Jaune-Noir,195823
30,12,9,Rufisque,Élevé,Particulier (Berline / SUV),214329
47,15,6,Dakar - VDN / Almadies,Élevé,Particulier (Berline / SUV),182121
50,1,6,Touba / Mbacké,Moyen,Particulier (Berline / SUV),223888
30,5,7,Dakar - Keur Massar / Pikine,Très Élevé,Particulier (Berline / SUV),222578
69,35,4,Rufisque,Élevé,Moto / Jakarta,203667
43,18,6,Touba / Mbacké,Moyen,Particulier (Berline / SUV),171288
39,11,6,Mbour / Saly,Moyen,Taxi Jaune-Noir,205235
56,29,4,Thiès,Moyen,Particulier (Berline / SUV),150297
19,0,14,Dakar - Plateau / Médina,Élevé,Particulier (Berline / SUV),285698
55,5,6,Mbour / Saly,Moyen,Camion / Utilitaire,244400
56,4,4,Ziguinchor,Faible,Particulier (Berline / SUV),153108
43,9,6,Kaolack,Moyen,Taxi Jaune-Noir,204596
63,25,9,Thiès,Moyen,Particulier (Berline / SUV),186296
67,45,6,Ziguinchor,Faible,Particulier (Berline / SUV),140971
32,11,7,Dakar - Keur Massar / Pikine,Très Élevé,Particulier (Berline / SUV),225087
51,30,4,Thiès,Moyen,Transport / Clandos,165540
59,33,4,Ziguinchor,Faible,Particulier (Berline / SUV),139761
61,26,6,Thiès,Moyen,Particulier (Berline / SUV),167926
66,26,9,Mbour / Saly,Moyen,Particulier (Berline / SUV),180423
57,36,9,Rufisque,Élevé,Transport / Clandos,208627
28,1,4,Dakar - Plateau / Médina,Élevé,Transport / Clandos,224808
20,0,7,Dakar - Plateau / Médina,Élevé,Taxi Jaune-Noir,274470
23,2,11,Ziguinchor,Faible,Particulier (Berline / SUV),196471
26,1,6,Ziguinchor,Faible,Moto / Jakarta,219518
23,3,9,Thiès,Moyen,Transport / Clandos,206643
26,7,4,Dakar - Keur Massar / Pikine,Très Élevé,Transport / Clandos,195636
56,33,11,Ziguinchor,Faible,Transport / Clandos,174561
48,11,9,Thiès,Moyen,Taxi Jaune-Noir,215001
49,8,11,Saint-Louis,Faible,Particulier (Berline / SUV),166155
58,35,7,Dakar - Plateau / Médina,Élevé,Moto / Jakarta,207287
67,40,6,Ziguinchor,Faible,Moto / Jakarta,170169
29,9,11,Mbour / Saly,Moyen,Particulier (Berline / SUV),180788
25,2,6,Dakar - VDN / Almadies,Élevé,Particulier (Berline / SUV),219588
25,2,6,Thiès,Moyen,Camion / Utilitaire,268258
67,27,7,Dakar - Plateau / Médina,Élevé,Particulier (Berline / SUV),196293
45,16,9,Ziguinchor,Faible,Moto / Jakarta,178282
37,1,11,Rufisque,Élevé,Particulier (Berline / SUV),257998
64,7,6,Thiès,Moyen,Particulier (Berline / SUV),168772
24,4,9,Dakar - Keur Massar / Pikine,Très Élevé,Particulier (Berline / SUV),256441
28,2,7,Ziguinchor,Faible,Particulier (Berline / SUV),169280
37,9,4,Thiès,Moyen,Particulier (Berline / SUV),162351
33,5,6,Ziguinchor,Faible,Particulier (Berline / SUV),143208
21,1,6,Kaolack,Moyen,Transport / Clandos,211585
23,2,6,Dakar - VDN / Almadies,Élevé,Camion / Utilitaire,288169
39,7,14,Touba / Mbacké,Moyen,Particulier (Berline / SUV),199327
43,11,7,Touba / Mbacké,Moyen,Taxi Jaune-Noir,197331
20,2,7,Kaolack,Moyen,Taxi Jaune-Noir,240929
58,18,14,Thiès,Moyen,Taxi Jaune-Noir,235814
59,5,6,Dakar - Keur Massar / Pikine,Très Élevé,Taxi Jaune-Noir,253031
31,4,9,Ziguinchor,Faible,Particulier (Berline / SUV),188239
28,3,6,Thiès,Moyen,Particulier (Berline / SUV),184064
35,17,9,Rufisque,Élevé,Particulier (Berline / SUV),213212
29,4,4,Dakar - Keur Massar / Pikine,Très Élevé,Particulier (Berline / SUV),228083
40,4,11,Rufisque,Élevé,Transport / Clandos,245873
29,10,6,Kaolack,Moyen,Particulier (Berline / SUV),174496
30,4,6,Mbour / Saly,Moyen,Moto / Jakarta,211722
42,19,9,Touba / Mbacké,Moyen,Moto / Jakarta,186037
62,34,6,Touba / Mbacké,Moyen,Camion / Utilitaire,238213
68,5,7,Ziguinchor,Faible,Moto / Jakarta,167617
36,16,6,Dakar - VDN / Almadies,Élevé,Particulier (Berline / SUV),183836
63,41,7,Kaolack,Moyen,Taxi Jaune-Noir,207566
53,10,6,Thiès,Moyen,Particulier (Berline / SUV),158402
62,37,4,Kaolack,Moyen,Transport / Clandos,161287
25,2,6,Thiès,Moyen,Moto / Jakarta,200872
46,5,6,Kaolack,Moyen,Moto / Jakarta,178936
49,21,4,Mbour / Saly,Moyen,Particulier (Berline / SUV),165141
68,36,6,Saint-Louis,Faible,Transport / Clandos,152019
61,2,6,Dakar - VDN / Almadies,Élevé,Particulier (Berline / SUV),224582
35,0,4,Thiès,Moyen,Particulier (Berline / SUV),202880
23,0,7,Dakar - VDN / Almadies,Élevé,Transport / Clandos,255484
35,1,9,Dakar - Keur Massar / Pikine,Très Élevé,Particulier (Berline / SUV),273134
36,18,4,Kaolack,Moyen,Camion / Utilitaire,230360
39,8,7,Ziguinchor,Faible,Particulier (Berline / SUV),142708
54,13,7,Dakar - Plateau / Médina,Élevé,Moto / Jakarta,206139
49,26,6,Dakar - Keur Massar / Pikine,Très Élevé,Particulier (Berline / SUV),218020
58,39,7,Rufisque,Élevé,Transport / Clandos,187124
20,2,6,Touba / Mbacké,Moyen,Transport / Clandos,197440
45,0,7,Dakar - Plateau / Médina,Élevé,Moto / Jakarta,253000
27,7,4,Mbour / Saly,Moyen,Particulier (Berline / SUV),155952
68,40,7,Kaolack,Moyen,Moto / Jakarta,180777
52,34,7,Saint-Louis,Faible,Particulier (Berline / SUV),141970
46,9,4,Mbour / Saly,Moyen,Particulier (Berline / SUV),153644
32,10,6,Thiès,Moyen,Particulier (Berline / SUV),158637
50,19,14,Dakar - Plateau / Médina,Élevé,Transport / Clandos,228070
24,3,6,Touba / Mbacké,Moyen,Particulier (Berline / SUV),185188
29,3,7,Ziguinchor,Faible,Transport / Clandos,181448
66,43,11,Saint-Louis,Faible,Transport / Clandos,165093
47,12,7,Dakar - VDN / Almadies,Élevé,Particulier (Berline / SUV),205867
38,9,7,Kaolack,Moyen,Moto / Jakarta,178595
48,14,9,Thiès,Moyen,Particulier (Berline / SUV),173984
41,2,9,Kaolack,Moyen,Moto / Jakarta,214241
37,1,6,Mbour / Saly,Moyen,Particulier (Berline / SUV),223290
54,10,6,Dakar - Plateau / Médina,Élevé,Taxi Jaune-Noir,236496
21,3,6,Mbour / Saly,Moyen,Particulier (Berline / SUV),189227
45,13,11,Dakar - Plateau / Médina,Élevé,Particulier (Berline / SUV),206567
61,30,7,Ziguinchor,Faible,Particulier (Berline / SUV),148140
37,14,4,Touba / Mbacké,Moyen,Particulier (Berline / SUV),161966
41,6,9,Dakar - VDN / Almadies,Élevé,Particulier (Berline / SUV),206554
67,21,6,Ziguinchor,Faible,Particulier (Berline / SUV),150173
66,38,4,Dakar - Keur Massar / Pikine,Très Élevé,Particulier (Berline / SUV),203624
68,9,7,Touba / Mbacké,Moyen,Transport / Clandos,165458
49,20,6,Ziguinchor,Faible,Taxi Jaune-Noir,190873
58,20,9,Saint-Louis,Faible,Moto / Jakarta,183387
53,22,6,Kaolack,Moyen,Taxi Jaune-Noir,196500
51,25,9,Mbour / Saly,Moyen,Taxi Jaune-Noir,216037
53,8,7,Touba / Mbacké,Moyen,Taxi Jaune-Noir,203487
19,1,4,Saint-Louis,Faible,Particulier (Berline / SUV),179493
32,8,14,Mbour / Saly,Moyen,Taxi Jaune-Noir,247434
51,6,7,Dakar - Keur Massar / Pikine,Très Élevé,Particulier (Berline / SUV),212183
53,20,6,Rufisque,Élevé,Moto / Jakarta,207993
23,1,6,Touba / Mbacké,Moyen,Transport / Clandos,209071
56,29,9,Saint-Louis,Faible,Particulier (Berline / SUV),154456
59,7,6,Mbour / Saly,Moyen,Transport / Clandos,165974
68,17,4,Mbour / Saly,Moyen,Particulier (Berline / SUV),152628
68,28,4,Ziguinchor,Faible,Particulier (Berline / SUV),141603
29,3,6,Dakar - Plateau / Médina,Élevé,Particulier (Berline / SUV),212506
20,0,9,Ziguinchor,Faible,Transport / Clandos,212621
62,6,6,Saint-Louis,Faible,Transport / Clandos,155134
35,1,6,Thiès,Moyen,Transport / Clandos,212406
57,18,4,Kaolack,Moyen,Particulier (Berline / SUV),162374
38,12,6,Touba / Mbacké,Moyen,Taxi Jaune-Noir,199983
32,13,11,Ziguinchor,Faible,Transport / Clandos,178570
50,26,6,Mbour / Saly,Moyen,Particulier (Berline / SUV),158333
52,15,14,Mbour / Saly,Moyen,Taxi Jaune-Noir,232370
43,5,6,Rufisque,Élevé,Particulier (Berline / SUV),185275
25,5,4,Touba / Mbacké,Moyen,Particulier (Berline / SUV),160325
53,20,9,Rufisque,Élevé,Particulier (Berline / SUV),200669
65,12,6,Kaolack,Moyen,Taxi Jaune-Noir,192512
47,24,7,Dakar - Keur Massar / Pikine,Très Élevé,Particulier (Berline / SUV),222456
40,5,14,Ziguinchor,Faible,Particulier (Berline / SUV),175645
59,31,4,Dakar - VDN / Almadies,Élevé,Particulier (Berline / SUV),173208
61,32,4,Saint-Louis,Faible,Particulier (Berline / SUV),128236
31,7,7,Saint-Louis,Faible,Particulier (Berline / SUV),147379
31,7,6,Dakar - Keur Massar / Pikine,Très Élevé,Particulier (Berline / SUV),204920
19,1,4,Touba / Mbacké,Moyen,Taxi Jaune-Noir,252455
54,31,4,Ziguinchor,Faible,Particulier (Berline / SUV),137297
22,0,4,Kaolack,Moyen,Transport / Clandos,211638
55,5,9,Dakar - Plateau / Médina,Élevé,Transport / Clandos,211097
62,25,4,Rufisque,Élevé,Particulier (Berline / SUV),177158
58,32,6,Dakar - Keur Massar / Pikine,Très Élevé,Particulier (Berline / SUV),208755
64,29,7,Dakar - Plateau / Médina,Élevé,Moto / Jakarta,206188
31,3,6,Rufisque,Élevé,Particulier (Berline / SUV),215878
56,13,4,Dakar - Keur Massar / Pikine,Très Élevé,Particulier (Berline / SUV),210140
42,18,9,Saint-Louis,Faible,Particulier (Berline / SUV),165259
37,11,4,Saint-Louis,Faible,Taxi Jaune-Noir,176501
19,0,9,Mbour / Saly,Moyen,Taxi Jaune-Noir,263339
56,3,9,Rufisque,Élevé,Camion / Utilitaire,306219
23,2,6,Dakar - VDN / Almadies,Élevé,Moto / Jakarta,223232
34,15,7,Kaolack,Moyen,Particulier (Berline / SUV),181038
42,19,6,Thiès,Moyen,Particulier (Berline / SUV),162898
45,26,6,Touba / Mbacké,Moyen,Particulier (Berline / SUV),173380
19,1,9,Touba / Mbacké,Moyen,Particulier (Berline / SUV),223384
52,18,9,Rufisque,Élevé,Particulier (Berline / SUV),205369
54,34,6,Dakar - Keur Massar / Pikine,Très Élevé,Particulier (Berline / SUV),213398
22,0,7,Dakar - Keur Massar / Pikine,Très Élevé,Particulier (Berline / SUV),270222
18,0,11,Thiès,Moyen,Particulier (Berline / SUV),229649
57,27,11,Kaolack,Moyen,Particulier (Berline / SUV),197775
29,2,7,Ziguinchor,Faible,Camion / Utilitaire,254221
53,16,6,Kaolack,Moyen,Taxi Jaune-Noir,198288
62,23,6,Ziguinchor,Faible,Camion / Utilitaire,220850
40,12,11,Thiès,Moyen,Particulier (Berline / SUV),196873
64,23,4,Ziguinchor,Faible,Particulier (Berline / SUV),131135
48,1,7,Dakar - VDN / Almadies,Élevé,Particulier (Berline / SUV),248358
28,6,6,Mbour / Saly,Moyen,Particulier (Berline / SUV),174685
27,0,6,Kaolack,Moyen,Particulier (Berline / SUV),223631
20,2,6,Ziguinchor,Faible,Moto / Jakarta,184185
31,8,14,Saint-Louis,Faible,Camion / Utilitaire,268211
33,6,4,Dakar - VDN / Almadies,Élevé,Particulier (Berline / SUV),179819
27,5,7,Kaolack,Moyen,Particulier (Berline / SUV),170557
46,17,4,Ziguinchor,Faible,Particulier (Berline / SUV),129738
27,4,4,Saint-Louis,Faible,Particulier (Berline / SUV),159347
29,1,6,Thiès,Moyen,Particulier (Berline / SUV),210692
47,12,7,Thiès,Moyen,Particulier (Berline / SUV),166389
58,32,6,Rufisque,Élevé,Particulier (Berline / SUV),197545
18,0,6,Touba / Mbacké,Moyen,Particulier (Berline / SUV),223302
22,4,4,Dakar - Plateau / Médina,Élevé,Particulier (Berline / SUV),203777
37,8,6,Saint-Louis,Faible,Particulier (Berline / SUV),142235
25,1,11,Rufisque,Élevé,Particulier (Berline / SUV),255912
60,8,11,Dakar - VDN / Almadies,Élevé,Camion / Utilitaire,286270
29,1,6,Ziguinchor,Faible,Particulier (Berline / SUV),198933
18,0,7,Kaolack,Moyen,Moto / Jakarta,235840
37,11,11,Dakar - Keur Massar / Pikine,Très Élevé,Transport / Clandos,231367
45,25,4,Saint-Louis,Faible,Camion / Utilitaire,222243
60,21,9,Dakar - Plateau / Médina,Élevé,Transport / Clandos,203737
54,35,11,Dakar - Keur Massar / Pikine,Très Élevé,Taxi Jaune-Noir,270454
64,23,4,Mbour / Saly,Moyen,Moto / Jakarta,177848
54,9,4,Dakar - Plateau / Médina,Élevé,Particulier (Berline / SUV),174419
29,3,11,Rufisque,Élevé,Particulier (Berline / SUV),232921
54,32,7,Dakar - Plateau / Médina,Élevé,Camion / Utilitaire,268218
66,25,4,Ziguinchor,Faible,Transport / Clandos,145608
66,32,6,Kaolack,Moyen,Camion / Utilitaire,242763
61,2,6,Dakar - VDN / Almadies,Élevé,Transport / Clandos,212178
45,1,7,Dakar - Keur Massar / Pikine,Très Élevé,Moto / Jakarta,272452
64,2,7,Dakar - Plateau / Médina,Élevé,Transport / Clandos,227394
32,2,14,Ziguinchor,Faible,Transport / Clandos,214872
23,5,6,Thiès,Moyen,Taxi Jaune-Noir,195803
61,21,7,Dakar - Plateau / Médina,Élevé,Moto / Jakarta,203821
37,15,7,Dakar - Plateau / Médina,Élevé,Transport / Clandos,194210
67,33,6,Touba / Mbacké,Moyen,Transport / Clandos,171575
31,7,4,Dakar - Keur Massar / Pikine,Très Élevé,Taxi Jaune-Noir,247421
19,0,14,Touba / Mbacké,Moyen,Particulier (Berline / SUV),261997
26,8,9,Touba / Mbacké,Moyen,Particulier (Berline / SUV),181181
54,8,6,Kaolack,Moyen,Moto / Jakarta,185731
37,10,7,Ziguinchor,Faible,Taxi Jaune-Noir,183012
43,19,6,Touba / Mbacké,Moyen,Particulier (Berline / SUV),167672
46,10,7,Dakar - Plateau / Médina,Élevé,Particulier (Berline / SUV),194038
18,0,7,Rufisque,Élevé,Transport / Clandos,240108
52,25,7,Rufisque,Élevé,Transport / Clandos,197186
23,4,14,Thiès,Moyen,Transport / Clandos,225463
54,19,7,Rufisque,Élevé,Taxi Jaune-Noir,224713
22,4,6,Thiès,Moyen,Particulier (Berline / SUV),189769
50,21,9,Rufisque,Élevé,Particulier (Berline / SUV),209019
66,32,4,Mbour / Saly,Moyen,Particulier (Berline / SUV),154552
68,32,6,Thiès,Moyen,Transport / Clandos,169305
31,8,6,Saint-Louis,Faible,Particulier (Berline / SUV),144230
29,7,6,Dakar - Keur Massar / Pikine,Très Élevé,Taxi Jaune-Noir,239409
59,36,9,Dakar - Keur Massar / Pikine,Très Élevé,Taxi Jaune-Noir,265933
37,9,6,Dakar - Keur Massar / Pikine,Très Élevé,Taxi Jaune-Noir,256172
67,30,9,Ziguinchor,Faible,Moto / Jakarta,181373
41,0,7,Kaolack,Moyen,Particulier (Berline / SUV),213280
60,23,6,Dakar - VDN / Almadies,Élevé,Transport / Clandos,196282
51,21,9,Kaolack,Moyen,Particulier (Berline / SUV),175249
42,21,6,Thiès,Moyen,Particulier (Berline / SUV),164083
67,7,6,Kaolack,Moyen,Particulier (Berline / SUV),176969
46,13,7,Rufisque,Élevé,Particulier (Berline / SUV),201409
56,37,6,Thiès,Moyen,Transport / Clandos,162834
48,9,4,Kaolack,Moyen,Taxi Jaune-Noir,195692
64,46,7,Kaolack,Moyen,Particulier (Berline / SUV),173738
60,40,7,Touba / Mbacké,Moyen,Particulier (Berline / SUV),165969
67,1,6,Mbour / Saly,Moyen,Taxi Jaune-Noir,256999
40,19,11,Ziguinchor,Faible,Transport / Clandos,165862
61,30,7,Thiès,Moyen,Particulier (Berline / SUV),173250
55,16,9,Dakar - VDN / Almadies,Élevé,Taxi Jaune-Noir,239337
37,18,4,Dakar - Keur Massar / Pikine,Très Élevé,Transport / Clandos,199626
40,18,7,Dakar - Plateau / Médina,Élevé,Taxi Jaune-Noir,232506
62,14,9,Saint-Louis,Faible,Particulier (Berline / SUV),154668
69,46,7,Kaolack,Moyen,Taxi Jaune-Noir,197551
33,1,7,Dakar - Keur Massar / Pikine,Très Élevé,Taxi Jaune-Noir,310134
67,37,6,Rufisque,Élevé,Transport / Clandos,183954
59,30,4,Saint-Louis,Faible,Taxi Jaune-Noir,172194
25,2,6,Mbour / Saly,Moyen,Camion / Utilitaire,266472
67,33,6,Dakar - Keur Massar / Pikine,Très Élevé,Particulier (Berline / SUV),205640
38,20,9,Touba / Mbacké,Moyen,Camion / Utilitaire,265754
18,0,6,Dakar - Keur Massar / Pikine,Très Élevé,Taxi Jaune-Noir,302026
25,2,11,Mbour / Saly,Moyen,Taxi Jaune-Noir,253204
46,26,11,Dakar - Keur Massar / Pikine,Très Élevé,Particulier (Berline / SUV),230109
49,15,6,Kaolack,Moyen,Particulier (Berline / SUV),168258
55,2,6,Dakar - Keur Massar / Pikine,Très Élevé,Transport / Clandos,234204
22,4,9,Touba / Mbacké,Moyen,Transport / Clandos,205171
64,44,11,Ziguinchor,Faible,Particulier (Berline / SUV),179279
39,3,6,Mbour / Saly,Moyen,Taxi Jaune-Noir,222137
64,12,6,Touba / Mbacké,Moyen,Particulier (Berline / SUV),162568
51,1,7,Thiès,Moyen,Camion / Utilitaire,310443
18,0,7,Dakar - Keur Massar / Pikine,Très Élevé,Moto / Jakarta,289612
43,10,6,Dakar - VDN / Almadies,Élevé,Particulier (Berline / SUV),189526
60,26,7,Dakar - Keur Massar / Pikine,Très Élevé,Moto / Jakarta,224333
27,2,4,Mbour / Saly,Moyen,Moto / Jakarta,201490
47,13,4,Saint-Louis,Faible,Particulier (Berline / SUV),145097
67,44,6,Touba / Mbacké,Moyen,Transport / Clandos,173030
35,6,6,Dakar - VDN / Almadies,Élevé,Particulier (Berline / SUV),189092
34,13,6,Thiès,Moyen,Taxi Jaune-Noir,211384
43,16,6,Rufisque,Élevé,Particulier (Berline / SUV),197515
25,7,6,Thiès,Moyen,Particulier (Berline / SUV),172163
64,46,4,Touba / Mbacké,Moyen,Particulier (Berline / SUV),157147
57,3,6,Saint-Louis,Faible,Particulier (Berline / SUV),162475
66,45,14,Touba / Mbacké,Moyen,Transport / Clandos,207028
29,2,6,Dakar - Plateau / Médina,Élevé,Particulier (Berline / SUV),215082
44,16,6,Dakar - VDN / Almadies,Élevé,Particulier (Berline / SUV),190120
25,3,7,Saint-Louis,Faible,Moto / Jakarta,192224
42,17,14,Dakar - VDN / Almadies,Élevé,Particulier (Berline / SUV),232229
63,20,6,Touba / Mbacké,Moyen,Taxi Jaune-Noir,210987
21,3,7,Ziguinchor,Faible,Camion / Utilitaire,253787
50,24,7,Dakar - VDN / Almadies,Élevé,Moto / Jakarta,220891
18,0,7,Dakar - Plateau / Médina,Élevé,Particulier (Berline / SUV),241381
36,5,4,Kaolack,Moyen,Particulier (Berline / SUV),166799
48,14,7,Saint-Louis,Faible,Camion / Utilitaire,221666
33,10,4,Dakar - Plateau / Médina,Élevé,Particulier (Berline / SUV),186689
31,8,7,Dakar - Plateau / Médina,Élevé,Particulier (Berline / SUV),187949
65,22,7,Rufisque,Élevé,Particulier (Berline / SUV),187812
22,2,6,Ziguinchor,Faible,Particulier (Berline / SUV),177422
58,39,9,Dakar - Keur Massar / Pikine,Très Élevé,Transport / Clandos,232022
43,15,4,Ziguinchor,Faible,Transport / Clandos,129101
45,6,9,Mbour / Saly,Moyen,Camion / Utilitaire,264449
19,0,6,Rufisque,Élevé,Transport / Clandos,249403
67,17,6,Touba / Mbacké,Moyen,Particulier (Berline / SUV),169921
23,4,4,Touba / Mbacké,Moyen,Particulier (Berline / SUV),188704
26,4,11,Thiès,Moyen,Camion / Utilitaire,287711
50,14,4,Dakar - Keur Massar / Pikine,Très Élevé,Particulier (Berline / SUV),207825
58,19,4,Mbour / Saly,Moyen,Particulier (Berline / SUV),164229
42,24,6,Dakar - VDN / Almadies,Élevé,Moto / Jakarta,204881
65,18,7,Ziguinchor,Faible,Taxi Jaune-Noir,179222
30,11,7,Saint-Louis,Faible,Particulier (Berline / SUV),159800
26,3,4,Dakar - Plateau / Médina,Élevé,Moto / Jakarta,213407
30,11,6,Dakar - VDN / Almadies,Élevé,Camion / Utilitaire,275324
48,22,6,Thiès,Moyen,Particulier (Berline / SUV),164143
58,31,6,Ziguinchor,Faible,Moto / Jakarta,156348
28,5,6,Saint-Louis,Faible,Particulier (Berline / SUV),148744
21,3,7,Thiès,Moyen,Taxi Jaune-Noir,231192
51,22,6,Dakar - Plateau / Médina,Élevé,Moto / Jakarta,204833
55,35,6,Rufisque,Élevé,Camion / Utilitaire,264973
63,17,6,Dakar - Keur Massar / Pikine,Très Élevé,Particulier (Berline / SUV),202521
21,2,14,Rufisque,Élevé,Particulier (Berline / SUV),258721
55,7,11,Saint-Louis,Faible,Particulier (Berline / SUV),169488
36,18,9,Rufisque,Élevé,Taxi Jaune-Noir,235801
23,5,6,Saint-Louis,Faible,Particulier (Berline / SUV),152049
51,24,4,Mbour / Saly,Moyen,Particulier (Berline / SUV),166690
35,12,6,Mbour / Saly,Moyen,Particulier (Berline / SUV),176125
30,5,6,Kaolack,Moyen,Particulier (Berline / SUV),157799
58,9,7,Kaolack,Moyen,Particulier (Berline / SUV),176404
40,9,9,Rufisque,Élevé,Transport / Clandos,210696
36,1,9,Touba / Mbacké,Moyen,Particulier (Berline / SUV),225042
62,18,9,Rufisque,Élevé,Particulier (Berline / SUV),208782
28,1,6,Rufisque,Élevé,Moto / Jakarta,253060
18,0,7,Touba / Mbacké,Moyen,Transport / Clandos,223637
41,14,6,Dakar - Keur Massar / Pikine,Très Élevé,Particulier (Berline / SUV),217214
24,5,4,Ziguinchor,Faible,Particulier (Berline / SUV),128044
42,8,7,Touba / Mbacké,Moyen,Transport / Clandos,163816
38,15,4,Saint-Louis,Faible,Particulier (Berline / SUV),140611
32,3,6,Ziguinchor,Faible,Transport / Clandos,172908
18,0,6,Dakar - Plateau / Médina,Élevé,Particulier (Berline / SUV),249397
29,8,7,Dakar - Keur Massar / Pikine,Très Élevé,Particulier (Berline / SUV),207571
24,2,9,Dakar - Plateau / Médina,Élevé,Particulier (Berline / SUV),230218
32,14,6,Kaolack,Moyen,Transport / Clandos,170955
38,17,9,Dakar - VDN / Almadies,Élevé,Moto / Jakarta,219340
36,8,6,Mbour / Saly,Moyen,Particulier (Berline / SUV),174774
46,4,6,Dakar - Plateau / Médina,Élevé,Taxi Jaune-Noir,260849
42,3,7,Thiès,Moyen,Particulier (Berline / SUV),193287
50,15,7,Rufisque,Élevé,Particulier (Berline / SUV),189152
66,15,14,Saint-Louis,Faible,Moto / Jakarta,199000
49,3,6,Dakar - Plateau / Médina,Élevé,Particulier (Berline / SUV),208796
66,42,7,Dakar - Plateau / Médina,Élevé,Moto / Jakarta,218366
52,33,7,Dakar - VDN / Almadies,Élevé,Taxi Jaune-Noir,233427
61,14,11,Kaolack,Moyen,Moto / Jakarta,196189
55,14,4,Rufisque,Élevé,Transport / Clandos,176636
43,1,9,Rufisque,Élevé,Particulier (Berline / SUV),258048
28,1,7,Dakar - VDN / Almadies,Élevé,Particulier (Berline / SUV),248479
52,26,6,Touba / Mbacké,Moyen,Particulier (Berline / SUV),172248
25,5,6,Dakar - VDN / Almadies,Élevé,Particulier (Berline / SUV),183339
63,45,6,Thiès,Moyen,Particulier (Berline / SUV),168979
31,7,7,Ziguinchor,Faible,Particulier (Berline / SUV),153507
27,1,9,Thiès,Moyen,Camion / Utilitaire,306243
19,0,7,Dakar - VDN / Almadies,Élevé,Particulier (Berline / SUV),254810
63,0,7,Mbour / Saly,Moyen,Transport / Clandos,213695
26,8,7,Touba / Mbacké,Moyen,Moto / Jakarta,194874
20,0,4,Mbour / Saly,Moyen,Moto / Jakarta,219708
38,13,6,Thiès,Moyen,Particulier (Berline / SUV),161535
43,20,6,Rufisque,Élevé,Particulier (Berline / SUV),192974
25,7,6,Thiès,Moyen,Particulier (Berline / SUV),164819
65,30,4,Dakar - Keur Massar / Pikine,Très Élevé,Particulier (Berline / SUV),210682
19,0,7,Kaolack,Moyen,Particulier (Berline / SUV),215221
23,2,6,Saint-Louis,Faible,Transport / Clandos,177679
45,10,6,Dakar - Keur Massar / Pikine,Très Élevé,Particulier (Berline / SUV),221009
46,9,6,Dakar - VDN / Almadies,Élevé,Taxi Jaune-Noir,223874
43,20,4,Dakar - Plateau / Médina,Élevé,Camion / Utilitaire,260387
42,1,11,Mbour / Saly,Moyen,Particulier (Berline / SUV),240000
29,1,9,Ziguinchor,Faible,Particulier (Berline / SUV),212057
22,4,7,Dakar - Keur Massar / Pikine,Très Élevé,Transport / Clandos,240260
51,14,4,Touba / Mbacké,Moyen,Particulier (Berline / SUV),164500
65,34,9,Mbour / Saly,Moyen,Taxi Jaune-Noir,219358
54,2,9,Dakar - Keur Massar / Pikine,Très Élevé,Particulier (Berline / SUV),249581
32,14,9,Rufisque,Élevé,Moto / Jakarta,212284
61,11,4,Saint-Louis,Faible,Particulier (Berline / SUV),130076
53,26,7,Thiès,Moyen,Particulier (Berline / SUV),173716
32,14,9,Thiès,Moyen,Taxi Jaune-Noir,216812
60,11,7,Dakar - Keur Massar / Pikine,Très Élevé,Particulier (Berline / SUV),221324
65,2,7,Dakar - VDN / Almadies,Élevé,Particulier (Berline / SUV),227432
40,12,6,Touba / Mbacké,Moyen,Particulier (Berline / SUV),173431
23,3,7,Dakar - VDN / Almadies,Élevé,Particulier (Berline / SUV),228758
63,11,4,Mbour / Saly,Moyen,Taxi Jaune-Noir,187020
67,47,7,Kaolack,Moyen,Taxi Jaune-Noir,211906
61,18,4,Saint-Louis,Faible,Taxi Jaune-Noir,180429
60,2,6,Saint-Louis,Faible,Taxi Jaune-Noir,214460
62,0,6,Thiès,Moyen,Particulier (Berline / SUV),216576
38,9,7,Saint-Louis,Faible,Particulier (Berline / SUV),156310
40,18,4,Dakar - VDN / Almadies,Élevé,Transport / Clandos,185063
60,38,7,Touba / Mbacké,Moyen,Moto / Jakarta,178650
33,3,9,Touba / Mbacké,Moyen,Particulier (Berline / SUV),201671
64,21,4,Thiès,Moyen,Particulier (Berline / SUV),163003
32,4,4,Dakar - Keur Massar / Pikine,Très Élevé,Particulier (Berline / SUV),220860
42,14,4,Touba / Mbacké,Moyen,Taxi Jaune-Noir,185627
53,34,9,Dakar - VDN / Almadies,Élevé,Taxi Jaune-Noir,243301
28,8,7,Dakar - Plateau / Médina,Élevé,Particulier (Berline / SUV),192359
68,31,6,Dakar - Keur Massar / Pikine,Très Élevé,Transport / Clandos,211449
32,14,4,Kaolack,Moyen,Particulier (Berline / SUV),150521
21,1,7,Ziguinchor,Faible,Particulier (Berline / SUV),195083
38,16,9,Rufisque,Élevé,Transport / Clandos,200899
30,7,9,Saint-Louis,Faible,Particulier (Berline / SUV),159542
39,8,7,Saint-Louis,Faible,Particulier (Berline / SUV),145170
36,6,4,Dakar - Plateau / Médina,Élevé,Camion / Utilitaire,257848
51,7,4,Dakar - Keur Massar / Pikine,Très Élevé,Moto / Jakarta,224263
31,5,4,Thiès,Moyen,Transport / Clandos,152931
21,1,6,Dakar - VDN / Almadies,Élevé,Particulier (Berline / SUV),238693
65,46,4,Dakar - Plateau / Médina,Élevé,Particulier (Berline / SUV),190061
69,29,6,Rufisque,Élevé,Moto / Jakarta,197743
63,41,6,Touba / Mbacké,Moyen,Taxi Jaune-Noir,201606
44,8,11,Thiès,Moyen,Moto / Jakarta,208149
46,22,7,Ziguinchor,Faible,Particulier (Berline / SUV),159241
64,11,9,Thiès,Moyen,Particulier (Berline / SUV),174826
45,0,7,Dakar - Plateau / Médina,Élevé,Camion / Utilitaire,332028
52,21,4,Kaolack,Moyen,Taxi Jaune-Noir,194360
25,4,7,Dakar - Plateau / Médina,Élevé,Particulier (Berline / SUV),225266
33,6,6,Dakar - Plateau / Médina,Élevé,Particulier (Berline / SUV),196544
59,11,7,Dakar - Plateau / Médina,Élevé,Particulier (Berline / SUV),187203
53,25,6,Thiès,Moyen,Particulier (Berline / SUV),166552
47,26,14,Dakar - Plateau / Médina,Élevé,Particulier (Berline / SUV),224195
35,13,6,Dakar - Keur Massar / Pikine,Très Élevé,Particulier (Berline / SUV),204062
19,1,6,Thiès,Moyen,Transport / Clandos,207722
66,5,11,Touba / Mbacké,Moyen,Particulier (Berline / SUV),187112
30,6,4,Dakar - Keur Massar / Pikine,Très Élevé,Camion / Utilitaire,290026
21,0,7,Rufisque,Élevé,Particulier (Berline / SUV),247506
43,5,7,Touba / Mbacké,Moyen,Taxi Jaune-Noir,209990
42,4,9,Ziguinchor,Faible,Particulier (Berline / SUV),194462
47,15,14,Saint-Louis,Faible,Transport / Clandos,184232
28,5,14,Thiès,Moyen,Camion / Utilitaire,283692
24,1,4,Saint-Louis,Faible,Transport / Clandos,193930
48,0,9,Thiès,Moyen,Taxi Jaune-Noir,274943
61,16,7,Touba / Mbacké,Moyen,Particulier (Berline / SUV),178872
27,6,7,Ziguinchor,Faible,Transport / Clandos,159472
56,15,4,Dakar - VDN / Almadies,Élevé,Moto / Jakarta,202590
30,7,7,Dakar - VDN / Almadies,Élevé,Camion / Utilitaire,281507
48,24,14,Dakar - Keur Massar / Pikine,Très Élevé,Particulier (Berline / SUV),247964
24,2,11,Dakar - Plateau / Médina,Élevé,Camion / Utilitaire,328087
66,21,6,Dakar - Plateau / Médina,Élevé,Particulier (Berline / SUV),186323
59,19,4,Dakar - VDN / Almadies,Élevé,Particulier (Berline / SUV),183043
59,37,6,Touba / Mbacké,Moyen,Particulier (Berline / SUV),162627
53,0,9,Ziguinchor,Faible,Particulier (Berline / SUV),209019
37,8,7,Dakar - Keur Massar / Pikine,Très Élevé,Transport / Clandos,213931
21,2,6,Touba / Mbacké,Moyen,Moto / Jakarta,212867
24,5,4,Dakar - Plateau / Médina,Élevé,Transport / Clandos,185186
18,0,6,Dakar - Keur Massar / Pikine,Très Élevé,Taxi Jaune-Noir,296441
61,3,6,Saint-Louis,Faible,Taxi Jaune-Noir,198550
62,42,11,Mbour / Saly,Moyen,Transport / Clandos,184360
59,7,7,Rufisque,Élevé,Particulier (Berline / SUV),198071
64,29,6,Dakar - Keur Massar / Pikine,Très Élevé,Transport / Clandos,211318
30,4,7,Dakar - Plateau / Médina,Élevé,Taxi Jaune-Noir,261439
39,5,4,Touba / Mbacké,Moyen,Taxi Jaune-Noir,188451
38,12,14,Saint-Louis,Faible,Taxi Jaune-Noir,213268
39,21,6,Rufisque,Élevé,Moto / Jakarta,214541
45,16,6,Rufisque,Élevé,Particulier (Berline / SUV),191346
26,4,6,Dakar - Keur Massar / Pikine,Très Élevé,Particulier (Berline / SUV),232972
43,22,7,Rufisque,Élevé,Transport / Clandos,192246
26,1,7,Saint-Louis,Faible,Particulier (Berline / SUV),196529
32,10,7,Ziguinchor,Faible,Moto / Jakarta,161783
27,4,6,Touba / Mbacké,Moyen,Particulier (Berline / SUV),189795
41,11,6,Dakar - Keur Massar / Pikine,Très Élevé,Particulier (Berline / SUV),205831
59,39,4,Rufisque,Élevé,Moto / Jakarta,189348
25,3,7,Ziguinchor,Faible,Particulier (Berline / SUV),176875
41,7,4,Touba / Mbacké,Moyen,Taxi Jaune-Noir,201826
33,4,7,Thiès,Moyen,Particulier (Berline / SUV),190644
66,30,9,Ziguinchor,Faible,Particulier (Berline / SUV),164947
43,4,9,Thiès,Moyen,Taxi Jaune-Noir,239033
44,14,6,Thiès,Moyen,Particulier (Berline / SUV),169113
54,23,6,Ziguinchor,Faible,Moto / Jakarta,158045
21,3,4,Rufisque,Élevé,Transport / Clandos,204722
67,44,7,Thiès,Moyen,Particulier (Berline / SUV),179931
41,17,9,Rufisque,Élevé,Taxi Jaune-Noir,231636
36,15,6,Rufisque,Élevé,Taxi Jaune-Noir,227385
53,34,6,Touba / Mbacké,Moyen,Particulier (Berline / SUV),168267
56,13,9,Kaolack,Moyen,Particulier (Berline / SUV),175347
27,3,9,Saint-Louis,Faible,Particulier (Berline / SUV),187719
42,21,6,Rufisque,Élevé,Taxi Jaune-Noir,231694
35,2,7,Touba / Mbacké,Moyen,Taxi Jaune-Noir,239190
36,16,4,Mbour / Saly,Moyen,Taxi Jaune-Noir,188327
53,28,4,Thiès,Moyen,Transport / Clandos,165486
27,8,11,Dakar - Keur Massar / Pikine,Très Élevé,Transport / Clandos,234381
50,23,9,Rufisque,Élevé,Taxi Jaune-Noir,234480
67,4,9,Ziguinchor,Faible,Transport / Clandos,176316
22,4,4,Thiès,Moyen,Particulier (Berline / SUV),186256
64,7,9,Thiès,Moyen,Moto / Jakarta,201864
66,3,6,Mbour / Saly,Moyen,Taxi Jaune-Noir,221763
52,32,6,Dakar - Keur Massar / Pikine,Très Élevé,Transport / Clandos,217009
61,12,7,Touba / Mbacké,Moyen,Taxi Jaune-Noir,206992
51,9,4,Mbour / Saly,Moyen,Particulier (Berline / SUV),153113
50,10,9,Saint-Louis,Faible,Taxi Jaune-Noir,185640
38,10,7,Thiès,Moyen,Particulier (Berline / SUV),179396
34,16,4,Rufisque,Élevé,Taxi Jaune-Noir,224626
39,14,4,Rufisque,Élevé,Particulier (Berline / SUV),183855
65,7,4,Mbour / Saly,Moyen,Transport / Clandos,157684
54,13,4,Saint-Louis,Faible,Taxi Jaune-Noir,178529
32,11,7,Dakar - VDN / Almadies,Élevé,Taxi Jaune-Noir,230997
52,31,9,Dakar - Plateau / Médina,Élevé,Particulier (Berline / SUV),214299
45,2,4,Ziguinchor,Faible,Camion / Utilitaire,237819
24,4,4,Ziguinchor,Faible,Transport / Clandos,171521
49,28,7,Dakar - VDN / Almadies,Élevé,Transport / Clandos,200986
28,0,9,Thiès,Moyen,Particulier (Berline / SUV),231598
27,7,6,Touba / Mbacké,Moyen,Taxi Jaune-Noir,195680
26,2,6,Dakar - Keur Massar / Pikine,Très Élevé,Particulier (Berline / SUV),242695
31,8,7,Dakar - VDN / Almadies,Élevé,Taxi Jaune-Noir,222813
30,6,6,Saint-Louis,Faible,Particulier (Berline / SUV),141568
42,14,4,Rufisque,Élevé,Taxi Jaune-Noir,226053
19,0,7,Dakar - Plateau / Médina,Élevé,Taxi Jaune-Noir,275329
52,29,7,Thiès,Moyen,Particulier (Berline / SUV),171595
24,5,7,Dakar - Plateau / Médina,Élevé,Particulier (Berline / SUV),187312
38,9,7,Dakar - Keur Massar / Pikine,Très Élevé,Moto / Jakarta,234660
35,0,7,Rufisque,Élevé,Particulier (Berline / SUV),243720
20,1,6,Saint-Louis,Faible,Transport / Clandos,201613
59,16,6,Ziguinchor,Faible,Particulier (Berline / SUV),148711
56,0,4,Dakar - Keur Massar / Pikine,Très Élevé,Particulier (Berline / SUV),246030
58,13,4,Dakar - VDN / Almadies,Élevé,Particulier (Berline / SUV),183694
66,37,7,Ziguinchor,Faible,Transport / Clandos,143303
28,1,9,Ziguinchor,Faible,Particulier (Berline / SUV),220427
56,2,11,Saint-Louis,Faible,Moto / Jakarta,205894
41,13,7,Dakar - VDN / Almadies,Élevé,Taxi Jaune-Noir,240617
63,22,4,Mbour / Saly,Moyen,Particulier (Berline / SUV),165250
36,2,4,Dakar - Keur Massar / Pikine,Très Élevé,Transport / Clandos,225279
21,0,9,Touba / Mbacké,Moyen,Particulier (Berline / SUV),229607
43,2,7,Kaolack,Moyen,Transport / Clandos,192913
55,30,7,Rufisque,Élevé,Particulier (Berline / SUV),187238
59,2,9,Saint-Louis,Faible,Particulier (Berline / SUV),178239
49,18,7,Rufisque,Élevé,Transport / Clandos,204142
56,26,9,Dakar - Keur Massar / Pikine,Très Élevé,Camion / Utilitaire,310096
62,11,4,Dakar - VDN / Almadies,Élevé,Particulier (Berline / SUV),175863
63,8,7,Touba / Mbacké,Moyen,Transport / Clandos,178270
53,26,9,Kaolack,Moyen,Particulier (Berline / SUV),183424
57,23,6,Dakar - Plateau / Médina,Élevé,Transport / Clandos,188371
54,24,7,Touba / Mbacké,Moyen,Taxi Jaune-Noir,212571
50,28,6,Saint-Louis,Faible,Particulier (Berline / SUV),147412
53,24,11,Rufisque,Élevé,Particulier (Berline / SUV),224264
20,1,4,Touba / Mbacké,Moyen,Particulier (Berline / SUV),217827
26,1,7,Thiès,Moyen,Particulier (Berline / SUV),228262
25,2,4,Dakar - VDN / Almadies,Élevé,Particulier (Berline / SUV),199836
50,22,7,Dakar - VDN / Almadies,Élevé,Taxi Jaune-Noir,233331
23,0,4,Thiès,Moyen,Camion / Utilitaire,291027
58,11,6,Ziguinchor,Faible,Particulier (Berline / SUV),141847
56,34,6,Ziguinchor,Faible,Taxi Jaune-Noir,186012
21,3,11,Dakar - Keur Massar / Pikine,Très Élevé,Taxi Jaune-Noir,296612
30,8,6,Mbour / Saly,Moyen,Moto / Jakarta,184652
66,8,4,Dakar - Plateau / Médina,Élevé,Taxi Jaune-Noir,220216
19,0,9,Thiès,Moyen,Taxi Jaune-Noir,255899
22,0,7,Dakar - Keur Massar / Pikine,Très Élevé,Particulier (Berline / SUV),265827
61,1,11,Rufisque,Élevé,Particulier (Berline / SUV),265802
44,9,4,Thiès,Moyen,Particulier (Berline / SUV),159513
49,29,7,Mbour / Saly,Moyen,Particulier (Berline / SUV),171595
38,17,6,Thiès,Moyen,Particulier (Berline / SUV),171600
25,6,4,Mbour / Saly,Moyen,Taxi Jaune-Noir,201383
55,34,7,Mbour / Saly,Moyen,Particulier (Berline / SUV),164370
25,6,7,Mbour / Saly,Moyen,Taxi Jaune-Noir,203567
67,14,9,Dakar - VDN / Almadies,Élevé,Particulier (Berline / SUV),210056
20,0,6,Touba / Mbacké,Moyen,Moto / Jakarta,235618
61,29,6,Dakar - VDN / Almadies,Élevé,Moto / Jakarta,211499
20,1,6,Dakar - Keur Massar / Pikine,Très Élevé,Particulier (Berline / SUV),261457
39,4,14,Dakar - VDN / Almadies,Élevé,Particulier (Berline / SUV),248367
23,2,6,Dakar - VDN / Almadies,Élevé,Taxi Jaune-Noir,255888
19,0,6,Rufisque,Élevé,Particulier (Berline / SUV),245572
40,3,6,Thiès,Moyen,Particulier (Berline / SUV),186573
61,2,7,Dakar - VDN / Almadies,Élevé,Particulier (Berline / SUV),230740
19,1,6,Kaolack,Moyen,Moto / Jakarta,241593
55,1,11,Mbour / Saly,Moyen,Moto / Jakarta,247320
34,7,6,Thiès,Moyen,Taxi Jaune-Noir,196706
52,13,9,Ziguinchor,Faible,Taxi Jaune-Noir,192308
51,4,4,Rufisque,Élevé,Moto / Jakarta,222936
40,3,7,Touba / Mbacké,Moyen,Moto / Jakarta,217052
47,19,11,Rufisque,Élevé,Camion / Utilitaire,301713
69,2,4,Mbour / Saly,Moyen,Particulier (Berline / SUV),183990
25,7,11,Thiès,Moyen,Particulier (Berline / SUV),181666
39,19,6,Touba / Mbacké,Moyen,Taxi Jaune-Noir,211355
61,43,11,Dakar - Plateau / Médina,Élevé,Taxi Jaune-Noir,251813
53,3,7,Saint-Louis,Faible,Particulier (Berline / SUV),169398
22,1,6,Rufisque,Élevé,Particulier (Berline / SUV),232216
30,11,4,Touba / Mbacké,Moyen,Moto / Jakarta,176417
46,1,6,Dakar - Keur Massar / Pikine,Très Élevé,Moto / Jakarta,275956
48,12,4,Touba / Mbacké,Moyen,Particulier (Berline / SUV),161582
64,28,4,Saint-Louis,Faible,Moto / Jakarta,148730
33,7,4,Mbour / Saly,Moyen,Taxi Jaune-Noir,201212
59,34,6,Thiès,Moyen,Transport / Clandos,172142
47,6,9,Dakar - Plateau / Médina,Élevé,Particulier (Berline / SUV),214109
33,1,4,Dakar - Keur Massar / Pikine,Très Élevé,Particulier (Berline / SUV),247486
29,2,4,Touba / Mbacké,Moyen,Particulier (Berline / SUV),179529
34,16,7,Kaolack,Moyen,Particulier (Berline / SUV),167595
33,9,4,Dakar - VDN / Almadies,Élevé,Taxi Jaune-Noir,220509
29,3,4,Mbour / Saly,Moyen,Particulier (Berline / SUV),182485
25,5,4,Rufisque,Élevé,Camion / Utilitaire,271149
37,18,11,Rufisque,Élevé,Particulier (Berline / SUV),220575
20,2,9,Saint-Louis,Faible,Particulier (Berline / SUV),176883
33,10,6,Mbour / Saly,Moyen,Taxi Jaune-Noir,201895
47,7,7,Dakar - Keur Massar / Pikine,Très Élevé,Taxi Jaune-Noir,260676
62,19,7,Ziguinchor,Faible,Particulier (Berline / SUV),151458
40,4,7,Dakar - Plateau / Médina,Élevé,Transport / Clandos,227690
45,21,7,Dakar - Keur Massar / Pikine,Très Élevé,Taxi Jaune-Noir,259826
68,33,7,Dakar - Plateau / Médina,Élevé,Taxi Jaune-Noir,236686
57,14,6,Thiès,Moyen,Transport / Clandos,164357
22,3,4,Thiès,Moyen,Particulier (Berline / SUV),173879
37,9,6,Mbour / Saly,Moyen,Taxi Jaune-Noir,192080
57,17,9,Mbour / Saly,Moyen,Moto / Jakarta,190547
61,3,7,Rufisque,Élevé,Particulier (Berline / SUV),220107
18,0,9,Dakar - VDN / Almadies,Élevé,Particulier (Berline / SUV),255335
47,20,14,Saint-Louis,Faible,Moto / Jakarta,203484
38,13,4,Dakar - VDN / Almadies,Élevé,Particulier (Berline / SUV),177069
37,17,7,Dakar - Keur Massar / Pikine,Très Élevé,Particulier (Berline / SUV),215926
23,3,7,Rufisque,Élevé,Camion / Utilitaire,305169
39,1,14,Dakar - Plateau / Médina,Élevé,Particulier (Berline / SUV),273877
35,11,14,Ziguinchor,Faible,Particulier (Berline / SUV),189118
25,6,7,Touba / Mbacké,Moyen,Moto / Jakarta,184519
56,33,6,Kaolack,Moyen,Moto / Jakarta,172932
49,20,9,Thiès,Moyen,Particulier (Berline / SUV),174411
50,26,4,Dakar - VDN / Almadies,Élevé,Taxi Jaune-Noir,217083
33,13,9,Saint-Louis,Faible,Transport / Clandos,166656
29,2,11,Ziguinchor,Faible,Transport / Clandos,186686
55,19,6,Ziguinchor,Faible,Particulier (Berline / SUV),156624
69,24,7,Thiès,Moyen,Particulier (Berline / SUV),173354
51,11,6,Kaolack,Moyen,Particulier (Berline / SUV),176040
31,12,6,Mbour / Saly,Moyen,Moto / Jakarta,187744
53,34,6,Ziguinchor,Faible,Moto / Jakarta,170532
50,30,9,Dakar - Keur Massar / Pikine,Très Élevé,Camion / Utilitaire,309789
40,7,11,Dakar - Keur Massar / Pikine,Très Élevé,Moto / Jakarta,247951
67,14,11,Mbour / Saly,Moyen,Taxi Jaune-Noir,230098
62,19,4,Dakar - Plateau / Médina,Élevé,Particulier (Berline / SUV),176918
19,0,9,Rufisque,Élevé,Transport / Clandos,257729
58,29,7,Mbour / Saly,Moyen,Transport / Clandos,178294
38,1,6,Kaolack,Moyen,Taxi Jaune-Noir,260850
19,1,4,Dakar - Keur Massar / Pikine,Très Élevé,Particulier (Berline / SUV),243574
44,13,6,Ziguinchor,Faible,Moto / Jakarta,160504
26,8,11,Dakar - Keur Massar / Pikine,Très Élevé,Particulier (Berline / SUV),229836
18,0,7,Touba / Mbacké,Moyen,Particulier (Berline / SUV),230559
28,6,7,Rufisque,Élevé,Taxi Jaune-Noir,223417
20,0,6,Saint-Louis,Faible,Taxi Jaune-Noir,226788
69,16,7,Touba / Mbacké,Moyen,Particulier (Berline / SUV),171975
40,6,4,Dakar - Plateau / Médina,Élevé,Transport / Clandos,188107
43,10,6,Thiès,Moyen,Particulier (Berline / SUV),161439
21,0,7,Touba / Mbacké,Moyen,Particulier (Berline / SUV),223210
35,14,4,Dakar - Plateau / Médina,Élevé,Particulier (Berline / SUV),178351
23,2,9,Dakar - Plateau / Médina,Élevé,Transport / Clandos,222233
52,5,6,Saint-Louis,Faible,Camion / Utilitaire,225934
39,17,7,Thiès,Moyen,Transport / Clandos,173334
60,12,6,Dakar - VDN / Almadies,Élevé,Moto / Jakarta,210746
32,0,7,Mbour / Saly,Moyen,Particulier (Berline / SUV),223164
39,8,4,Ziguinchor,Faible,Particulier (Berline / SUV),129596
54,24,4,Kaolack,Moyen,Taxi Jaune-Noir,192498
69,43,11,Kaolack,Moyen,Particulier (Berline / SUV),189057
59,38,6,Kaolack,Moyen,Transport / Clandos,174354
29,9,9,Dakar - VDN / Almadies,Élevé,Taxi Jaune-Noir,233017
64,2,14,Mbour / Saly,Moyen,Camion / Utilitaire,314838
66,4,6,Kaolack,Moyen,Particulier (Berline / SUV),188350
59,12,6,Mbour / Saly,Moyen,Particulier (Berline / SUV),163004
55,37,7,Ziguinchor,Faible,Taxi Jaune-Noir,179596
35,17,11,Kaolack,Moyen,Particulier (Berline / SUV),199120
62,13,11,Thiès,Moyen,Taxi Jaune-Noir,219976
52,30,7,Dakar - Plateau / Médina,Élevé,Particulier (Berline / SUV),204316
47,6,9,Kaolack,Moyen,Particulier (Berline / SUV),181071
41,10,4,Mbour / Saly,Moyen,Particulier (Berline / SUV),158361
59,19,14,Dakar - Plateau / Médina,Élevé,Particulier (Berline / SUV),227865
47,29,11,Saint-Louis,Faible,Taxi Jaune-Noir,203395
31,0,4,Kaolack,Moyen,Particulier (Berline / SUV),209879
23,1,6,Kaolack,Moyen,Particulier (Berline / SUV),210140
20,0,4,Touba / Mbacké,Moyen,Particulier (Berline / SUV),215511
33,3,6,Dakar - Plateau / Médina,Élevé,Particulier (Berline / SUV),226006
24,5,9,Kaolack,Moyen,Particulier (Berline / SUV),182022
69,48,6,Thiès,Moyen,Particulier (Berline / SUV),161709
31,7,4,Ziguinchor,Faible,Taxi Jaune-Noir,163422
26,3,6,Dakar - Plateau / Médina,Élevé,Taxi Jaune-Noir,246487
32,11,14,Ziguinchor,Faible,Taxi Jaune-Noir,224979
38,19,7,Rufisque,Élevé,Transport / Clandos,195721
52,13,6,Mbour / Saly,Moyen,Particulier (Berline / SUV),169222
19,1,4,Saint-Louis,Faible,Taxi Jaune-Noir,228889
44,7,14,Touba / Mbacké,Moyen,Transport / Clandos,206500
19,1,9,Thiès,Moyen,Particulier (Berline / SUV),231651
52,18,6,Saint-Louis,Faible,Transport / Clandos,142342
35,12,4,Touba / Mbacké,Moyen,Particulier (Berline / SUV),151356
31,7,4,Saint-Louis,Faible,Particulier (Berline / SUV),135139
37,17,4,Saint-Louis,Faible,Transport / Clandos,133064
35,11,7,Dakar - Keur Massar / Pikine,Très Élevé,Particulier (Berline / SUV),222994
27,4,11,Mbour / Saly,Moyen,Particulier (Berline / SUV),211745
42,8,6,Dakar - VDN / Almadies,Élevé,Particulier (Berline / SUV),188174
19,1,9,Touba / Mbacké,Moyen,Particulier (Berline / SUV),238806
42,16,6,Thiès,Moyen,Particulier (Berline / SUV),174224
50,31,7,Dakar - Plateau / Médina,Élevé,Taxi Jaune-Noir,238935
53,29,7,Saint-Louis,Faible,Transport / Clandos,159558
48,3,4,Saint-Louis,Faible,Transport / Clandos,156734
31,12,6,Touba / Mbacké,Moyen,Particulier (Berline / SUV),170675
18,0,7,Rufisque,Élevé,Camion / Utilitaire,331589
63,20,4,Dakar - VDN / Almadies,Élevé,Taxi Jaune-Noir,210503
33,6,6,Saint-Louis,Faible,Particulier (Berline / SUV),140819
63,23,7,Kaolack,Moyen,Transport / Clandos,165800
69,20,14,Dakar - Keur Massar / Pikine,Très Élevé,Transport / Clandos,238569
20,1,6,Ziguinchor,Faible,Transport / Clandos,202712
52,2,9,Dakar - Keur Massar / Pikine,Très Élevé,Particulier (Berline / SUV),251910
58,36,6,Dakar - VDN / Almadies,Élevé,Particulier (Berline / SUV),192209
23,1,9,Kaolack,Moyen,Moto / Jakarta,247380
42,23,7,Dakar - Keur Massar / Pikine,Très Élevé,Taxi Jaune-Noir,246055
30,2,9,Ziguinchor,Faible,Taxi Jaune-Noir,224981
51,1,6,Dakar - Plateau / Médina,Élevé,Taxi Jaune-Noir,286583
25,4,7,Mbour / Saly,Moyen,Transport / Clandos,203641
38,17,7,Dakar - Plateau / Médina,Élevé,Particulier (Berline / SUV),197708
51,26,6,Mbour / Saly,Moyen,Taxi Jaune-Noir,197642
21,2,4,Rufisque,Élevé,Particulier (Berline / SUV),207983
42,4,4,Rufisque,Élevé,Taxi Jaune-Noir,233942
32,3,4,Rufisque,Élevé,Transport / Clandos,201886
21,2,9,Dakar - Keur Massar / Pikine,Très Élevé,Particulier (Berline / SUV),247786
62,14,6,Rufisque,Élevé,Taxi Jaune-Noir,221217
29,6,6,Mbour / Saly,Moyen,Particulier (Berline / SUV),161664
49,15,7,Dakar - Plateau / Médina,Élevé,Particulier (Berline / SUV),193924
49,31,6,Touba / Mbacké,Moyen,Particulier (Berline / SUV),167073
45,17,7,Saint-Louis,Faible,Particulier (Berline / SUV),145607
30,10,4,Mbour / Saly,Moyen,Particulier (Berline / SUV),154876
48,30,11,Dakar - Plateau / Médina,Élevé,Particulier (Berline / SUV),208766
31,10,9,Dakar - Plateau / Médina,Élevé,Transport / Clandos,198075
37,10,9,Saint-Louis,Faible,Transport / Clandos,164420
35,8,6,Kaolack,Moyen,Taxi Jaune-Noir,195660
46,24,9,Touba / Mbacké,Moyen,Particulier (Berline / SUV),173047
23,3,4,Kaolack,Moyen,Moto / Jakarta,188616
49,31,4,Kaolack,Moyen,Taxi Jaune-Noir,198868
46,14,4,Dakar - Plateau / Médina,Élevé,Particulier (Berline / SUV),187131
60,10,7,Ziguinchor,Faible,Transport / Clandos,142893
19,1,6,Thiès,Moyen,Particulier (Berline / SUV),213434
40,5,7,Mbour / Saly,Moyen,Taxi Jaune-Noir,200032
36,4,4,Dakar - Keur Massar / Pikine,Très Élevé,Particulier (Berline / SUV),219074
48,23,6,Kaolack,Moyen,Particulier (Berline / SUV),173825
68,34,7,Rufisque,Élevé,Moto / Jakarta,220937
22,3,6,Dakar - Keur Massar / Pikine,Très Élevé,Particulier (Berline / SUV),228942
36,5,7,Dakar - VDN / Almadies,Élevé,Particulier (Berline / SUV),201870
51,3,6,Ziguinchor,Faible,Moto / Jakarta,180896
27,8,9,Dakar - Keur Massar / Pikine,Très Élevé,Moto / Jakarta,238790
42,1,7,Saint-Louis,Faible,Taxi Jaune-Noir,227918
19,0,6,Thiès,Moyen,Particulier (Berline / SUV),209170
28,10,6,Touba / Mbacké,Moyen,Particulier (Berline / SUV),166884
67,3,7,Saint-Louis,Faible,Transport / Clandos,166836
48,24,9,Kaolack,Moyen,Particulier (Berline / SUV),173662
32,0,6,Ziguinchor,Faible,Particulier (Berline / SUV),191056
26,6,6,Ziguinchor,Faible,Taxi Jaune-Noir,191719
40,4,9,Kaolack,Moyen,Particulier (Berline / SUV),202230
36,7,7,Thiès,Moyen,Particulier (Berline / SUV),180754
26,1,6,Dakar - Plateau / Médina,Élevé,Particulier (Berline / SUV),238554
52,9,6,Dakar - Keur Massar / Pikine,Très Élevé,Particulier (Berline / SUV),208054
38,0,6,Rufisque,Élevé,Particulier (Berline / SUV),243519
26,3,7,Kaolack,Moyen,Particulier (Berline / SUV),187458
45,16,6,Rufisque,Élevé,Particulier (Berline / SUV),184974
63,29,14,Dakar - Keur Massar / Pikine,Très Élevé,Transport / Clandos,242769
68,23,6,Thiès,Moyen,Transport / Clandos,166089
24,0,6,Dakar - Plateau / Médina,Élevé,Particulier (Berline / SUV),250997
33,15,7,Touba / Mbacké,Moyen,Taxi Jaune-Noir,207897
33,15,11,Thiès,Moyen,Particulier (Berline / SUV),191040
50,1,9,Rufisque,Élevé,Particulier (Berline / SUV),250761
21,0,6,Ziguinchor,Faible,Particulier (Berline / SUV),203404
21,3,7,Ziguinchor,Faible,Taxi Jaune-Noir,209424
56,0,7,Dakar - VDN / Almadies,Élevé,Transport / Clandos,253044
57,1,6,Mbour / Saly,Moyen,Taxi Jaune-Noir,260685
34,16,4,Saint-Louis,Faible,Particulier (Berline / SUV),130239
54,17,6,Saint-Louis,Faible,Particulier (Berline / SUV),140247
56,34,6,Kaolack,Moyen,Transport / Clandos,175944
69,18,11,Rufisque,Élevé,Particulier (Berline / SUV),204958
46,0,6,Saint-Louis,Faible,Transport / Clandos,204328
69,32,11,Saint-Louis,Faible,Taxi Jaune-Noir,201610
53,27,7,Thiès,Moyen,Transport / Clandos,167776
55,11,7,Touba / Mbacké,Moyen,Moto / Jakarta,185735
56,6,7,Rufisque,Élevé,Moto / Jakarta,207128
67,6,4,Dakar - VDN / Almadies,Élevé,Taxi Jaune-Noir,225600
54,33,6,Touba / Mbacké,Moyen,Taxi Jaune-Noir,192141
69,9,4,Dakar - VDN / Almadies,Élevé,Particulier (Berline / SUV),176233
52,15,7,Rufisque,Élevé,Moto / Jakarta,208512
24,1,6,Dakar - Plateau / Médina,Élevé,Particulier (Berline / SUV),248521
44,19,9,Dakar - Plateau / Médina,Élevé,Particulier (Berline / SUV),211055
45,16,6,Saint-Louis,Faible,Particulier (Berline / SUV),149008
39,8,4,Kaolack,Moyen,Particulier (Berline / SUV),167312
31,13,6,Ziguinchor,Faible,Taxi Jaune-Noir,178066
24,2,11,Thiès,Moyen,Taxi Jaune-Noir,253906
54,17,7,Saint-Louis,Faible,Particulier (Berline / SUV),145016
39,12,6,Mbour / Saly,Moyen,Particulier (Berline / SUV),162926
22,0,7,Dakar - Plateau / Médina,Élevé,Moto / Jakarta,263126
19,1,4,Saint-Louis,Faible,Transport / Clandos,190439
44,12,14,Ziguinchor,Faible,Transport / Clandos,186896
38,14,7,Dakar - VDN / Almadies,Élevé,Particulier (Berline / SUV),193521
55,36,6,Dakar - VDN / Almadies,Élevé,Transport / Clandos,198850
32,3,7,Dakar - Keur Massar / Pikine,Très Élevé,Particulier (Berline / SUV),238956
38,7,4,Thiès,Moyen,Particulier (Berline / SUV),161355
27,4,11,Kaolack,Moyen,Particulier (Berline / SUV),208197
40,21,4,Dakar - VDN / Almadies,Élevé,Particulier (Berline / SUV),183298
56,5,7,Dakar - Keur Massar / Pikine,Très Élevé,Particulier (Berline / SUV),210550
22,0,6,Dakar - Plateau / Médina,Élevé,Camion / Utilitaire,327266
18,0,7,Dakar - VDN / Almadies,Élevé,Particulier (Berline / SUV),240114
30,6,9,Kaolack,Moyen,Particulier (Berline / SUV),187530
38,12,7,Saint-Louis,Faible,Particulier (Berline / SUV),145953
43,12,7,Ziguinchor,Faible,Particulier (Berline / SUV),157746
67,35,9,Mbour / Saly,Moyen,Taxi Jaune-Noir,217337
62,30,4,Dakar - VDN / Almadies,Élevé,Particulier (Berline / SUV),182446
38,1,6,Mbour / Saly,Moyen,Transport / Clandos,225256
35,0,6,Mbour / Saly,Moyen,Particulier (Berline / SUV),208330
54,10,14,Mbour / Saly,Moyen,Taxi Jaune-Noir,230695
62,5,6,Touba / Mbacké,Moyen,Transport / Clandos,167751
49,31,7,Mbour / Saly,Moyen,Moto / Jakarta,192677
53,27,7,Touba / Mbacké,Moyen,Transport / Clandos,165291
34,10,6,Ziguinchor,Faible,Taxi Jaune-Noir,184608
52,6,6,Mbour / Saly,Moyen,Particulier (Berline / SUV),166293
66,33,6,Dakar - Keur Massar / Pikine,Très Élevé,Taxi Jaune-Noir,251973
28,0,6,Mbour / Saly,Moyen,Transport / Clandos,226673
38,7,6,Rufisque,Élevé,Moto / Jakarta,207223
69,13,4,Thiès,Moyen,Particulier (Berline / SUV),162547
43,22,9,Dakar - Keur Massar / Pikine,Très Élevé,Particulier (Berline / SUV),222901
21,3,11,Kaolack,Moyen,Transport / Clandos,222650
51,17,6,Dakar - VDN / Almadies,Élevé,Particulier (Berline / SUV),195345
69,2,6,Ziguinchor,Faible,Particulier (Berline / SUV),171522
65,4,4,Ziguinchor,Faible,Particulier (Berline / SUV),167023
35,8,7,Rufisque,Élevé,Taxi Jaune-Noir,227686
57,34,9,Rufisque,Élevé,Camion / Utilitaire,277780
52,2,4,Rufisque,Élevé,Particulier (Berline / SUV),213586
58,11,4,Rufisque,Élevé,Particulier (Berline / SUV),185040
46,27,9,Rufisque,Élevé,Particulier (Berline / SUV),201375
69,20,7,Dakar - Plateau / Médina,Élevé,Particulier (Berline / SUV),186918
46,0,4,Saint-Louis,Faible,Taxi Jaune-Noir,229110
55,13,7,Ziguinchor,Faible,Taxi Jaune-Noir,179946
59,37,6,Rufisque,Élevé,Particulier (Berline / SUV),194988
38,4,6,Dakar - VDN / Almadies,Élevé,Taxi Jaune-Noir,256354
59,25,9,Dakar - Plateau / Médina,Élevé,Transport / Clandos,212626
30,1,9,Dakar - Keur Massar / Pikine,Très Élevé,Particulier (Berline / SUV),268285
66,19,6,Dakar - Keur Massar / Pikine,Très Élevé,Particulier (Berline / SUV),205906
58,10,11,Touba / Mbacké,Moyen,Camion / Utilitaire,264197
34,7,6,Saint-Louis,Faible,Particulier (Berline / SUV),149937
26,6,9,Dakar - Keur Massar / Pikine,Très Élevé,Transport / Clandos,228627
58,34,6,Rufisque,Élevé,Particulier (Berline / SUV),201351
18,0,9,Ziguinchor,Faible,Transport / Clandos,203833
19,1,11,Touba / Mbacké,Moyen,Transport / Clandos,235028
65,47,4,Thiès,Moyen,Taxi Jaune-Noir,185120
46,4,11,Dakar - Plateau / Médina,Élevé,Moto / Jakarta,256418
50,5,9,Thiès,Moyen,Moto / Jakarta,192023
27,8,9,Thiès,Moyen,Taxi Jaune-Noir,216596
67,47,6,Rufisque,Élevé,Particulier (Berline / SUV),188562
57,22,9,Thiès,Moyen,Particulier (Berline / SUV),189995
38,1,9,Thiès,Moyen,Transport / Clandos,233747
45,3,6,Dakar - Keur Massar / Pikine,Très Élevé,Taxi Jaune-Noir,266022
28,6,11,Kaolack,Moyen,Particulier (Berline / SUV),187130
51,14,4,Touba / Mbacké,Moyen,Particulier (Berline / SUV),161916
25,1,4,Thiès,Moyen,Taxi Jaune-Noir,249354
39,10,7,Saint-Louis,Faible,Particulier (Berline / SUV),150626
25,6,7,Dakar - VDN / Almadies,Élevé,Particulier (Berline / SUV),205568
66,20,7,Touba / Mbacké,Moyen,Transport / Clandos,180952
32,0,4,Saint-Louis,Faible,Taxi Jaune-Noir,221944
34,8,11,Dakar - VDN / Almadies,Élevé,Particulier (Berline / SUV),217614
40,14,4,Thiès,Moyen,Particulier (Berline / SUV),159668
41,15,4,Kaolack,Moyen,Particulier (Berline / SUV),163591
62,14,4,Mbour / Saly,Moyen,Particulier (Berline / SUV),167764
36,11,7,Ziguinchor,Faible,Taxi Jaune-Noir,189752
22,4,11,Saint-Louis,Faible,Taxi Jaune-Noir,235377
49,24,7,Thiès,Moyen,Particulier (Berline / SUV),178258
61,27,9,Touba / Mbacké,Moyen,Particulier (Berline / SUV),179638
18,0,4,Dakar - Keur Massar / Pikine,Très Élevé,Particulier (Berline / SUV),247829
40,21,7,Thiès,Moyen,Camion / Utilitaire,256397
54,24,6,Mbour / Saly,Moyen,Particulier (Berline / SUV),160540
25,1,6,Thiès,Moyen,Moto / Jakarta,226003
30,12,4,Thiès,Moyen,Transport / Clandos,156214
25,4,7,Ziguinchor,Faible,Taxi Jaune-Noir,217534
40,7,7,Dakar - Keur Massar / Pikine,Très Élevé,Transport / Clandos,222794
60,4,9,Saint-Louis,Faible,Particulier (Berline / SUV),183063
18,0,6,Rufisque,Élevé,Taxi Jaune-Noir,271410
62,17,4,Rufisque,Élevé,Particulier (Berline / SUV),173973
68,9,7,Touba / Mbacké,Moyen,Transport / Clandos,164763
41,12,4,Kaolack,Moyen,Particulier (Berline / SUV),149731
52,9,9,Thiès,Moyen,Transport / Clandos,172735
41,23,7,Touba / Mbacké,Moyen,Particulier (Berline / SUV),177822
34,12,4,Kaolack,Moyen,Moto / Jakarta,163876
22,2,11,Saint-Louis,Faible,Particulier (Berline / SUV),190368
37,11,7,Saint-Louis,Faible,Taxi Jaune-Noir,189038
38,3,4,Dakar - Keur Massar / Pikine,Très Élevé,Particulier (Berline / SUV),237811
57,5,7,Rufisque,Élevé,Particulier (Berline / SUV),197213
48,0,6,Rufisque,Élevé,Taxi Jaune-Noir,272004
63,19,9,Touba / Mbacké,Moyen,Moto / Jakarta,195420
53,28,9,Ziguinchor,Faible,Particulier (Berline / SUV),153656
28,5,14,Rufisque,Élevé,Moto / Jakarta,235507
69,48,7,Ziguinchor,Faible,Taxi Jaune-Noir,193537
32,4,6,Ziguinchor,Faible,Transport / Clandos,178128
36,3,9,Saint-Louis,Faible,Particulier (Berline / SUV),190770
24,1,4,Dakar - Keur Massar / Pikine,Très Élevé,Particulier (Berline / SUV),249616
68,5,7,Touba / Mbacké,Moyen,Moto / Jakarta,186119
45,5,7,Dakar - VDN / Almadies,Élevé,Particulier (Berline / SUV),202815
68,27,4,Touba / Mbacké,Moyen,Taxi Jaune-Noir,199064
60,28,6,Ziguinchor,Faible,Particulier (Berline / SUV),153541
22,4,9,Kaolack,Moyen,Particulier (Berline / SUV),204074
22,4,9,Kaolack,Moyen,Taxi Jaune-Noir,248274
47,16,4,Dakar - Keur Massar / Pikine,Très Élevé,Transport / Clandos,204259
49,26,4,Saint-Louis,Faible,Taxi Jaune-Noir,180712
25,1,6,Saint-Louis,Faible,Particulier (Berline / SUV),204911
27,0,9,Ziguinchor,Faible,Particulier (Berline / SUV),201079
55,5,4,Ziguinchor,Faible,Particulier (Berline / SUV),129035
64,22,7,Mbour / Saly,Moyen,Particulier (Berline / SUV),175603
49,5,4,Mbour / Saly,Moyen,Moto / Jakarta,166903
65,38,7,Ziguinchor,Faible,Transport / Clandos,154070
45,19,6,Rufisque,Élevé,Particulier (Berline / SUV),196749
34,10,9,Touba / Mbacké,Moyen,Moto / Jakarta,195807
48,27,6,Rufisque,Élevé,Particulier (Berline / SUV),194331
25,6,7,Saint-Louis,Faible,Transport / Clandos,156001
57,0,6,Dakar - VDN / Almadies,Élevé,Particulier (Berline / SUV),247062
42,9,7,Touba / Mbacké,Moyen,Taxi Jaune-Noir,197679
26,6,9,Rufisque,Élevé,Particulier (Berline / SUV),196576
19,1,4,Rufisque,Élevé,Particulier (Berline / SUV),228795
32,12,9,Dakar - Plateau / Médina,Élevé,Particulier (Berline / SUV),213740
67,5,7,Touba / Mbacké,Moyen,Particulier (Berline / SUV),171430
20,2,4,Dakar - VDN / Almadies,Élevé,Particulier (Berline / SUV),203378
66,35,6,Dakar - Keur Massar / Pikine,Très Élevé,Particulier (Berline / SUV),218104
53,15,4,Dakar - Keur Massar / Pikine,Très Élevé,Particulier (Berline / SUV),207112
21,1,7,Rufisque,Élevé,Taxi Jaune-Noir,275906
31,10,9,Ziguinchor,Faible,Particulier (Berline / SUV),160738
58,24,4,Dakar - VDN / Almadies,Élevé,Taxi Jaune-Noir,220749
58,10,7,Dakar - VDN / Almadies,Élevé,Particulier (Berline / SUV),202472
42,4,9,Saint-Louis,Faible,Moto / Jakarta,194084
67,17,11,Kaolack,Moyen,Moto / Jakarta,213140
27,4,7,Dakar - Plateau / Médina,Élevé,Particulier (Berline / SUV),227574
38,8,11,Saint-Louis,Faible,Taxi Jaune-Noir,212646
53,31,7,Dakar - VDN / Almadies,Élevé,Particulier (Berline / SUV),204174
29,2,6,Thiès,Moyen,Moto / Jakarta,215750
44,2,9,Ziguinchor,Faible,Taxi Jaune-Noir,225895
57,10,6,Dakar - VDN / Almadies,Élevé,Particulier (Berline / SUV),197594
19,1,6,Dakar - Plateau / Médina,Élevé,Particulier (Berline / SUV),250423
30,4,6,Dakar - VDN / Almadies,Élevé,Particulier (Berline / SUV),212121
49,26,9,Touba / Mbacké,Moyen,Particulier (Berline / SUV),187103
48,9,9,Touba / Mbacké,Moyen,Taxi Jaune-Noir,207326
33,15,6,Mbour / Saly,Moyen,Particulier (Berline / SUV),169824
49,4,6,Dakar - Plateau / Médina,Élevé,Particulier (Berline / SUV),215630
49,23,6,Rufisque,Élevé,Particulier (Berline / SUV),198210
51,16,7,Kaolack,Moyen,Particulier (Berline / SUV),180867
28,3,6,Rufisque,Élevé,Particulier (Berline / SUV),219379
27,7,9,Kaolack,Moyen,Transport / Clandos,182059
32,9,6,Kaolack,Moyen,Particulier (Berline / SUV),166320
34,6,6,Kaolack,Moyen,Taxi Jaune-Noir,202501
57,29,4,Dakar - Keur Massar / Pikine,Très Élevé,Particulier (Berline / SUV),195012
35,3,6,Kaolack,Moyen,Particulier (Berline / SUV),182922
26,2,11,Dakar - VDN / Almadies,Élevé,Taxi Jaune-Noir,283848
42,9,6,Thiès,Moyen,Particulier (Berline / SUV),158478
57,0,4,Dakar - Plateau / Médina,Élevé,Particulier (Berline / SUV),227200
31,6,6,Thiès,Moyen,Taxi Jaune-Noir,204006
42,10,6,Mbour / Saly,Moyen,Particulier (Berline / SUV),168431
67,39,4,Dakar - VDN / Almadies,Élevé,Particulier (Berline / SUV),192135
39,12,6,Kaolack,Moyen,Taxi Jaune-Noir,192881
69,51,7,Dakar - Keur Massar / Pikine,Très Élevé,Taxi Jaune-Noir,252682
47,27,7,Saint-Louis,Faible,Particulier (Berline / SUV),153970
37,10,6,Rufisque,Élevé,Particulier (Berline / SUV),185189
38,14,6,Touba / Mbacké,Moyen,Particulier (Berline / SUV),171029
61,21,11,Dakar - Plateau / Médina,Élevé,Particulier (Berline / SUV),215809
49,27,6,Thiès,Moyen,Taxi Jaune-Noir,203710
68,41,6,Dakar - VDN / Almadies,Élevé,Moto / Jakarta,210498
63,38,6,Saint-Louis,Faible,Moto / Jakarta,163510
66,8,6,Ziguinchor,Faible,Particulier (Berline / SUV),138849
38,9,9,Ziguinchor,Faible,Particulier (Berline / SUV),158502
52,20,6,Touba / Mbacké,Moyen,Taxi Jaune-Noir,200113
49,12,7,Ziguinchor,Faible,Particulier (Berline / SUV),149188
47,15,4,Rufisque,Élevé,Transport / Clandos,183226
56,20,6,Mbour / Saly,Moyen,Transport / Clandos,176416
66,11,9,Ziguinchor,Faible,Moto / Jakarta,168283
29,6,6,Touba / Mbacké,Moyen,Particulier (Berline / SUV),159146
58,20,7,Mbour / Saly,Moyen,Particulier (Berline / SUV),171491
64,18,6,Rufisque,Élevé,Transport / Clandos,185750
35,15,7,Touba / Mbacké,Moyen,Taxi Jaune-Noir,207562
38,18,4,Ziguinchor,Faible,Moto / Jakarta,148563
30,12,9,Kaolack,Moyen,Particulier (Berline / SUV),171145
38,7,4,Dakar - Plateau / Médina,Élevé,Taxi Jaune-Noir,225642
25,5,9,Ziguinchor,Faible,Taxi Jaune-Noir,196186
63,24,6,Touba / Mbacké,Moyen,Particulier (Berline / SUV),158224
57,17,7,Dakar - Plateau / Médina,Élevé,Taxi Jaune-Noir,236603
63,25,6,Dakar - Plateau / Médina,Élevé,Taxi Jaune-Noir,230843
24,2,11,Mbour / Saly,Moyen,Particulier (Berline / SUV),223113
40,3,4,Rufisque,Élevé,Particulier (Berline / SUV),214867
61,36,4,Ziguinchor,Faible,Taxi Jaune-Noir,176800
49,12,6,Saint-Louis,Faible,Particulier (Berline / SUV),145736
28,9,4,Kaolack,Moyen,Moto / Jakarta,163668
39,17,4,Rufisque,Élevé,Particulier (Berline / SUV),188391
39,5,11,Saint-Louis,Faible,Particulier (Berline / SUV),178767
60,35,14,Saint-Louis,Faible,Camion / Utilitaire,253728
42,0,6,Thiès,Moyen,Moto / Jakarta,232371
39,14,11,Mbour / Saly,Moyen,Particulier (Berline / SUV),191877
45,22,7,Dakar - Keur Massar / Pikine,Très Élevé,Transport / Clandos,225189
46,6,6,Dakar - VDN / Almadies,Élevé,Particulier (Berline / SUV),194789
30,7,7,Dakar - VDN / Almadies,Élevé,Particulier (Berline / SUV),197065
35,9,7,Mbour / Saly,Moyen,Particulier (Berline / SUV),180260
19,0,14,Mbour / Saly,Moyen,Particulier (Berline / SUV),246202
46,26,6,Saint-Louis,Faible,Transport / Clandos,153002
38,13,7,Mbour / Saly,Moyen,Transport / Clandos,164778
32,10,4,Saint-Louis,Faible,Camion / Utilitaire,214747
69,31,4,Rufisque,Élevé,Transport / Clandos,184008
44,4,4,Dakar - Keur Massar / Pikine,Très Élevé,Particulier (Berline / SUV),234276
67,40,14,Thiès,Moyen,Taxi Jaune-Noir,244474
48,9,9,Saint-Louis,Faible,Camion / Utilitaire,241626
32,3,9,Mbour / Saly,Moyen,Transport / Clandos,200960
68,16,7,Dakar - Plateau / Médina,Élevé,Transport / Clandos,196314
40,21,6,Ziguinchor,Faible,Moto / Jakarta,163905
41,4,4,Dakar - VDN / Almadies,Élevé,Particulier (Berline / SUV),212286
61,27,6,Dakar - Keur Massar / Pikine,Très Élevé,Transport / Clandos,208611
30,12,6,Ziguinchor,Faible,Moto / Jakarta,168284
39,12,9,Touba / Mbacké,Moyen,Camion / Utilitaire,252968
60,4,7,Mbour / Saly,Moyen,Particulier (Berline / SUV),204058
54,28,4,Saint-Louis,Faible,Taxi Jaune-Noir,170014
50,30,4,Thiès,Moyen,Taxi Jaune-Noir,192416
20,2,4,Dakar - Plateau / Médina,Élevé,Particulier (Berline / SUV),206688
36,12,6,Thiès,Moyen,Taxi Jaune-Noir,193557
40,17,11,Ziguinchor,Faible,Particulier (Berline / SUV),169242
46,16,7,Dakar - Plateau / Médina,Élevé,Particulier (Berline / SUV),205293
47,29,9,Kaolack,Moyen,Particulier (Berline / SUV),183673
56,26,6,Dakar - VDN / Almadies,Élevé,Taxi Jaune-Noir,224401
61,34,6,Mbour / Saly,Moyen,Particulier (Berline / SUV),160013
64,2,4,Touba / Mbacké,Moyen,Particulier (Berline / SUV),191946
42,11,9,Ziguinchor,Faible,Particulier (Berline / SUV),153604
54,34,9,Saint-Louis,Faible,Particulier (Berline / SUV),169894
64,38,4,Dakar - VDN / Almadies,Élevé,Particulier (Berline / SUV),184037
25,1,7,Touba / Mbacké,Moyen,Particulier (Berline / SUV),220457
59,6,6,Thiès,Moyen,Taxi Jaune-Noir,194204
33,7,7,Dakar - VDN / Almadies,Élevé,Transport / Clandos,205060
25,5,11,Touba / Mbacké,Moyen,Particulier (Berline / SUV),196901
18,0,7,Touba / Mbacké,Moyen,Particulier (Berline / SUV),227073
61,41,7,Thiès,Moyen,Transport / Clandos,175495
22,4,4,Touba / Mbacké,Moyen,Particulier (Berline / SUV),179872
20,0,4,Dakar - Keur Massar / Pikine,Très Élevé,Camion / Utilitaire,334380
18,0,4,Dakar - Plateau / Médina,Élevé,Transport / Clandos,225512
21,2,4,Dakar - Keur Massar / Pikine,Très Élevé,Particulier (Berline / SUV),227890
57,27,7,Thiès,Moyen,Particulier (Berline / SUV),178036
52,6,7,Rufisque,Élevé,Taxi Jaune-Noir,231327
49,0,4,Dakar - VDN / Almadies,Élevé,Particulier (Berline / SUV),237185
59,6,9,Kaolack,Moyen,Particulier (Berline / SUV),188193
51,16,4,Saint-Louis,Faible,Particulier (Berline / SUV),138267
60,14,6,Saint-Louis,Faible,Transport / Clandos,143556
42,16,6,Ziguinchor,Faible,Taxi Jaune-Noir,185576
27,8,6,Ziguinchor,Faible,Particulier (Berline / SUV),150182
38,17,6,Thiès,Moyen,Taxi Jaune-Noir,200233
63,37,6,Ziguinchor,Faible,Particulier (Berline / SUV),153887
56,36,6,Saint-Louis,Faible,Taxi Jaune-Noir,186851
44,7,14,Dakar - Keur Massar / Pikine,Très Élevé,Particulier (Berline / SUV),255942
44,14,4,Kaolack,Moyen,Taxi Jaune-Noir,188917
19,1,4,Saint-Louis,Faible,Camion / Utilitaire,258609
58,25,4,Dakar - Keur Massar / Pikine,Très Élevé,Particulier (Berline / SUV),209915
65,29,7,Rufisque,Élevé,Particulier (Berline / SUV),192612
30,12,4,Thiès,Moyen,Particulier (Berline / SUV),166902
26,8,9,Mbour / Saly,Moyen,Particulier (Berline / SUV),186857
69,9,7,Rufisque,Élevé,Particulier (Berline / SUV),193478
53,22,7,Rufisque,Élevé,Transport / Clandos,201812
39,0,7,Saint-Louis,Faible,Moto / Jakarta,215279
59,30,4,Thiès,Moyen,Particulier (Berline / SUV),165456
43,3,4,Dakar - Plateau / Médina,Élevé,Taxi Jaune-Noir,247212
29,4,6,Touba / Mbacké,Moyen,Taxi Jaune-Noir,235550
34,13,7,Rufisque,Élevé,Taxi Jaune-Noir,223462
31,1,6,Ziguinchor,Faible,Particulier (Berline / SUV),204113
31,1,4,Dakar - Keur Massar / Pikine,Très Élevé,Particulier (Berline / SUV),249574
51,9,14,Dakar - Plateau / Médina,Élevé,Particulier (Berline / SUV),229936
37,11,4,Thiès,Moyen,Particulier (Berline / SUV),163154
28,4,9,Mbour / Saly,Moyen,Transport / Clandos,200341
33,10,9,Kaolack,Moyen,Transport / Clandos,178376
68,29,6,Dakar - Plateau / Médina,Élevé,Particulier (Berline / SUV),186930
48,25,4,Mbour / Saly,Moyen,Particulier (Berline / SUV),157839
23,1,4,Saint-Louis,Faible,Moto / Jakarta,207266
36,16,7,Dakar - VDN / Almadies,Élevé,Taxi Jaune-Noir,234943
54,30,7,Touba / Mbacké,Moyen,Moto / Jakarta,186941
21,2,9,Saint-Louis,Faible,Particulier (Berline / SUV),177611
64,30,11,Thiès,Moyen,Taxi Jaune-Noir,221170
21,0,7,Dakar - VDN / Almadies,Élevé,Taxi Jaune-Noir,285014
37,14,4,Mbour / Saly,Moyen,Moto / Jakarta,171746
27,7,6,Dakar - VDN / Almadies,Élevé,Particulier (Berline / SUV),191405
41,10,9,Kaolack,Moyen,Particulier (Berline / SUV),175762
52,4,6,Ziguinchor,Faible,Particulier (Berline / SUV),170403
43,9,4,Ziguinchor,Faible,Moto / Jakarta,162701
54,2,7,Saint-Louis,Faible,Moto / Jakarta,189237
55,7,6,Saint-Louis,Faible,Camion / Utilitaire,230299
38,0,11,Thiès,Moyen,Camion / Utilitaire,317314
57,21,7,Thiès,Moyen,Particulier (Berline / SUV),165221
56,6,4,Dakar - Keur Massar / Pikine,Très Élevé,Particulier (Berline / SUV),197913
38,5,11,Kaolack,Moyen,Particulier (Berline / SUV),185788
27,3,6,Thiès,Moyen,Particulier (Berline / SUV),182907
55,33,6,Rufisque,Élevé,Transport / Clandos,190047
63,11,6,Kaolack,Moyen,Moto / Jakarta,182175
21,1,4,Dakar - Keur Massar / Pikine,Très Élevé,Particulier (Berline / SUV),258209
62,21,6,Ziguinchor,Faible,Taxi Jaune-Noir,187905
37,17,4,Dakar - Plateau / Médina,Élevé,Moto / Jakarta,206344
34,13,6,Dakar - Keur Massar / Pikine,Très Élevé,Particulier (Berline / SUV),216291
24,3,6,Dakar - Keur Massar / Pikine,Très Élevé,Particulier (Berline / SUV),240828
21,1,9,Saint-Louis,Faible,Particulier (Berline / SUV),201712
46,25,9,Touba / Mbacké,Moyen,Particulier (Berline / SUV),177118
31,6,4,Dakar - VDN / Almadies,Élevé,Taxi Jaune-Noir,213221
20,2,6,Ziguinchor,Faible,Particulier (Berline / SUV),170936
41,5,6,Mbour / Saly,Moyen,Particulier (Berline / SUV),161470
54,11,4,Mbour / Saly,Moyen,Camion / Utilitaire,228954
33,13,9,Thiès,Moyen,Taxi Jaune-Noir,213967
69,25,7,Ziguinchor,Faible,Particulier (Berline / SUV),150602
21,0,4,Rufisque,Élevé,Camion / Utilitaire,321045
41,23,6,Thiès,Moyen,Particulier (Berline / SUV),162766
51,12,4,Thiès,Moyen,Particulier (Berline / SUV),149383
47,14,7,Dakar - Keur Massar / Pikine,Très Élevé,Transport / Clandos,222420
35,13,4,Ziguinchor,Faible,Particulier (Berline / SUV),128652
36,12,14,Dakar - VDN / Almadies,Élevé,Transport / Clandos,219812
48,0,9,Thiès,Moyen,Particulier (Berline / SUV),223250
36,6,6,Touba / Mbacké,Moyen,Particulier (Berline / SUV),167286
66,13,7,Kaolack,Moyen,Taxi Jaune-Noir,216213
63,17,11,Rufisque,Élevé,Particulier (Berline / SUV),214264
36,2,7,Rufisque,Élevé,Transport / Clandos,213583
39,18,4,Thiès,Moyen,Taxi Jaune-Noir,196336
41,3,6,Touba / Mbacké,Moyen,Moto / Jakarta,208909
62,34,9,Kaolack,Moyen,Transport / Clandos,173459
29,2,7,Dakar - Plateau / Médina,Élevé,Particulier (Berline / SUV),224505
47,11,7,Saint-Louis,Faible,Transport / Clandos,146105
55,20,9,Saint-Louis,Faible,Taxi Jaune-Noir,193234
48,6,9,Saint-Louis,Faible,Taxi Jaune-Noir,189167
53,29,11,Dakar - Keur Massar / Pikine,Très Élevé,Transport / Clandos,243209
36,3,4,Rufisque,Élevé,Taxi Jaune-Noir,249392
65,16,7,Mbour / Saly,Moyen,Particulier (Berline / SUV),165453
62,42,7,Mbour / Saly,Moyen,Taxi Jaune-Noir,213603
53,31,9,Dakar - Keur Massar / Pikine,Très Élevé,Particulier (Berline / SUV),234519
47,16,7,Thiès,Moyen,Particulier (Berline / SUV),178711
66,40,4,Ziguinchor,Faible,Taxi Jaune-Noir,171251
50,20,9,Ziguinchor,Faible,Particulier (Berline / SUV),166767
35,12,7,Saint-Louis,Faible,Particulier (Berline / SUV),144457
69,39,4,Ziguinchor,Faible,Particulier (Berline / SUV),135801
66,25,6,Thiès,Moyen,Taxi Jaune-Noir,211654
45,18,4,Dakar - Plateau / Médina,Élevé,Particulier (Berline / SUV),177006
64,7,6,Dakar - Keur Massar / Pikine,Très Élevé,Transport / Clandos,212269
28,5,4,Dakar - Plateau / Médina,Élevé,Particulier (Berline / SUV),183790
62,22,6,Rufisque,Élevé,Particulier (Berline / SUV),201147
50,29,7,Ziguinchor,Faible,Particulier (Berline / SUV),154277
34,5,7,Kaolack,Moyen,Taxi Jaune-Noir,204231
23,5,7,Saint-Louis,Faible,Particulier (Berline / SUV),155356
21,2,9,Dakar - Keur Massar / Pikine,Très Élevé,Camion / Utilitaire,327643
37,19,6,Saint-Louis,Faible,Moto / Jakarta,156727
65,37,4,Ziguinchor,Faible,Transport / Clandos,131500
64,5,9,Dakar - VDN / Almadies,Élevé,Moto / Jakarta,216239
44,21,4,Ziguinchor,Faible,Particulier (Berline / SUV),135015
32,2,14,Dakar - Keur Massar / Pikine,Très Élevé,Taxi Jaune-Noir,306996
23,2,9,Mbour / Saly,Moyen,Transport / Clandos,209900
64,7,7,Dakar - Keur Massar / Pikine,Très Élevé,Taxi Jaune-Noir,254881
31,3,14,Touba / Mbacké,Moyen,Moto / Jakarta,241333
28,4,4,Kaolack,Moyen,Transport / Clandos,192316
56,7,6,Ziguinchor,Faible,Camion / Utilitaire,218832
26,2,7,Touba / Mbacké,Moyen,Particulier (Berline / SUV),202568
43,11,6,Mbour / Saly,Moyen,Transport / Clandos,174480
33,4,11,Thiès,Moyen,Taxi Jaune-Noir,251778
22,4,4,Thiès,Moyen,Taxi Jaune-Noir,211701
69,24,7,Kaolack,Moyen,Particulier (Berline / SUV),171870
27,6,7,Rufisque,Élevé,Transport / Clandos,204382
67,38,7,Kaolack,Moyen,Moto / Jakarta,190386
20,0,6,Kaolack,Moyen,Particulier (Berline / SUV),222560
30,9,6,Kaolack,Moyen,Taxi Jaune-Noir,200072
60,24,9,Kaolack,Moyen,Particulier (Berline / SUV),179600
66,27,4,Kaolack,Moyen,Camion / Utilitaire,232748
47,5,9,Dakar - Plateau / Médina,Élevé,Particulier (Berline / SUV),207394
62,31,7,Mbour / Saly,Moyen,Particulier (Berline / SUV),177072
23,5,9,Dakar - Keur Massar / Pikine,Très Élevé,Particulier (Berline / SUV),227550
34,5,7,Ziguinchor,Faible,Taxi Jaune-Noir,186598
62,35,6,Touba / Mbacké,Moyen,Particulier (Berline / SUV),157690
68,10,7,Kaolack,Moyen,Taxi Jaune-Noir,216351
36,15,9,Rufisque,Élevé,Moto / Jakarta,211640
59,18,6,Saint-Louis,Faible,Moto / Jakarta,153791
52,8,11,Ziguinchor,Faible,Particulier (Berline / SUV),167353
63,11,6,Saint-Louis,Faible,Camion / Utilitaire,225289
43,10,4,Touba / Mbacké,Moyen,Taxi Jaune-Noir,201111
68,28,6,Touba / Mbacké,Moyen,Particulier (Berline / SUV),169605
22,4,11,Ziguinchor,Faible,Particulier (Berline / SUV),194634
46,1,6,Rufisque,Élevé,Particulier (Berline / SUV),243890
54,22,9,Dakar - Plateau / Médina,Élevé,Transport / Clandos,199499
37,0,9,Thiès,Moyen,Particulier (Berline / SUV),238027
66,31,6,Touba / Mbacké,Moyen,Particulier (Berline / SUV),164745
38,4,4,Rufisque,Élevé,Transport / Clandos,212496
27,3,7,Touba / Mbacké,Moyen,Taxi Jaune-Noir,234229
22,3,6,Dakar - VDN / Almadies,Élevé,Transport / Clandos,207257
53,35,9,Thiès,Moyen,Transport / Clandos,183377
23,4,6,Touba / Mbacké,Moyen,Particulier (Berline / SUV),190373
43,20,6,Rufisque,Élevé,Moto / Jakarta,206859
21,3,9,Touba / Mbacké,Moyen,Particulier (Berline / SUV),198457
56,26,6,Saint-Louis,Faible,Taxi Jaune-Noir,179715
56,31,6,Ziguinchor,Faible,Taxi Jaune-Noir,181745
67,26,6,Ziguinchor,Faible,Particulier (Berline / SUV),143893
52,28,6,Touba / Mbacké,Moyen,Camion / Utilitaire,242250
18,0,7,Rufisque,Élevé,Particulier (Berline / SUV),250880
41,5,9,Saint-Louis,Faible,Particulier (Berline / SUV),160893
53,5,6,Dakar - Plateau / Médina,Élevé,Moto / Jakarta,210313
23,4,7,Dakar - Plateau / Médina,Élevé,Taxi Jaune-Noir,247610
58,1,7,Saint-Louis,Faible,Taxi Jaune-Noir,235479
63,14,6,Dakar - Keur Massar / Pikine,Très Élevé,Taxi Jaune-Noir,239624
61,18,6,Rufisque,Élevé,Transport / Clandos,198111
48,1,11,Dakar - Plateau / Médina,Élevé,Particulier (Berline / SUV),269936
37,8,7,Dakar - Keur Massar / Pikine,Très Élevé,Particulier (Berline / SUV),220031
41,7,7,Rufisque,Élevé,Particulier (Berline / SUV),197402
42,17,7,Saint-Louis,Faible,Particulier (Berline / SUV),155340
53,18,4,Kaolack,Moyen,Transport / Clandos,151289
38,5,7,Dakar - Keur Massar / Pikine,Très Élevé,Particulier (Berline / SUV),211754
47,24,7,Dakar - Keur Massar / Pikine,Très Élevé,Particulier (Berline / SUV),215051
41,14,7,Touba / Mbacké,Moyen,Particulier (Berline / SUV),178091
61,36,6,Mbour / Saly,Moyen,Transport / Clandos,159174
59,31,4,Mbour / Saly,Moyen,Transport / Clandos,159529
47,17,4,Rufisque,Élevé,Particulier (Berline / SUV),186791
39,16,11,Touba / Mbacké,Moyen,Taxi Jaune-Noir,234230
45,3,6,Ziguinchor,Faible,Particulier (Berline / SUV),179947
24,4,6,Thiès,Moyen,Taxi Jaune-Noir,227707
52,7,4,Kaolack,Moyen,Particulier (Berline / SUV),162852
45,8,4,Thiès,Moyen,Particulier (Berline / SUV),148896
31,12,7,Dakar - Keur Massar / Pikine,Très Élevé,Taxi Jaune-Noir,243207
27,8,7,Dakar - VDN / Almadies,Élevé,Moto / Jakarta,207520
33,11,7,Dakar - Plateau / Médina,Élevé,Particulier (Berline / SUV),201029
33,1,6,Dakar - Plateau / Médina,Élevé,Transport / Clandos,236459
48,24,7,Touba / Mbacké,Moyen,Taxi Jaune-Noir,196600
59,28,4,Mbour / Saly,Moyen,Moto / Jakarta,176128
42,17,4,Dakar - VDN / Almadies,Élevé,Particulier (Berline / SUV),179556
30,3,6,Touba / Mbacké,Moyen,Particulier (Berline / SUV),192012
23,3,6,Dakar - Keur Massar / Pikine,Très Élevé,Moto / Jakarta,252280
61,6,6,Dakar - VDN / Almadies,Élevé,Particulier (Berline / SUV),200868
26,3,7,Dakar - Plateau / Médina,Élevé,Particulier (Berline / SUV),214194
62,19,7,Rufisque,Élevé,Particulier (Berline / SUV),190131
53,2,9,Dakar - Keur Massar / Pikine,Très Élevé,Transport / Clandos,245671
60,28,6,Touba / Mbacké,Moyen,Particulier (Berline / SUV),165179
37,8,4,Ziguinchor,Faible,Moto / Jakarta,159920
35,11,6,Saint-Louis,Faible,Particulier (Berline / SUV),141262
60,5,14,Dakar - Keur Massar / Pikine,Très Élevé,Particulier (Berline / SUV),257464
38,14,7,Dakar - Keur Massar / Pikine,Très Élevé,Particulier (Berline / SUV),219945
21,0,7,Ziguinchor,Faible,Particulier (Berline / SUV),201966
67,49,4,Kaolack,Moyen,Taxi Jaune-Noir,197794
50,15,7,Rufisque,Élevé,Taxi Jaune-Noir,237175
44,6,4,Ziguinchor,Faible,Particulier (Berline / SUV),132374
24,6,7,Thiès,Moyen,Particulier (Berline / SUV),170041
23,5,11,Thiès,Moyen,Taxi Jaune-Noir,220184
32,9,11,Dakar - Keur Massar / Pikine,Très Élevé,Transport / Clandos,243932
35,11,7,Kaolack,Moyen,Transport / Clandos,172234
49,27,6,Dakar - Plateau / Médina,Élevé,Transport / Clandos,191233
28,2,11,Kaolack,Moyen,Particulier (Berline / SUV),211009
37,19,7,Thiès,Moyen,Moto / Jakarta,179265
41,4,4,Kaolack,Moyen,Particulier (Berline / SUV),186582
32,12,6,Kaolack,Moyen,Particulier (Berline / SUV),169045
65,13,6,Rufisque,Élevé,Transport / Clandos,187960
24,6,6,Dakar - Keur Massar / Pikine,Très Élevé,Moto / Jakarta,229894
38,6,6,Rufisque,Élevé,Taxi Jaune-Noir,229364
59,3,7,Dakar - Plateau / Médina,Élevé,Particulier (Berline / SUV),230190
43,18,6,Dakar - Plateau / Médina,Élevé,Particulier (Berline / SUV),189355
61,22,4,Thiès,Moyen,Particulier (Berline / SUV),148679
31,8,7,Touba / Mbacké,Moyen,Moto / Jakarta,177252
54,17,9,Ziguinchor,Faible,Particulier (Berline / SUV),168801
38,19,7,Mbour / Saly,Moyen,Transport / Clandos,168994
35,17,6,Dakar - Keur Massar / Pikine,Très Élevé,Particulier (Berline / SUV),204915
22,1,11,Touba / Mbacké,Moyen,Transport / Clandos,244652
20,1,11,Dakar - Keur Massar / Pikine,Très Élevé,Moto / Jakarta,295996
40,22,6,Ziguinchor,Faible,Particulier (Berline / SUV),145578
43,9,4,Ziguinchor,Faible,Particulier (Berline / SUV),133529
54,18,7,Dakar - VDN / Almadies,Élevé,Transport / Clandos,188131
41,18,9,Rufisque,Élevé,Taxi Jaune-Noir,243641
66,17,11,Thiès,Moyen,Taxi Jaune-Noir,228554
36,16,9,Dakar - VDN / Almadies,Élevé,Taxi Jaune-Noir,250173
68,43,7,Dakar - Plateau / Médina,Élevé,Particulier (Berline / SUV),195024
42,3,7,Mbour / Saly,Moyen,Transport / Clandos,191390
38,4,4,Thiès,Moyen,Particulier (Berline / SUV),175918
29,6,6,Dakar - Plateau / Médina,Élevé,Moto / Jakarta,209056
58,3,6,Kaolack,Moyen,Particulier (Berline / SUV),187574
50,17,7,Rufisque,Élevé,Transport / Clandos,205087
67,41,7,Rufisque,Élevé,Particulier (Berline / SUV),190345
21,1,7,Rufisque,Élevé,Particulier (Berline / SUV),236962
59,8,6,Dakar - VDN / Almadies,Élevé,Particulier (Berline / SUV),199230
24,1,7,Saint-Louis,Faible,Transport / Clandos,205759
39,4,4,Touba / Mbacké,Moyen,Taxi Jaune-Noir,222867
50,20,6,Ziguinchor,Faible,Moto / Jakarta,168192
34,7,9,Mbour / Saly,Moyen,Particulier (Berline / SUV),174383
41,21,7,Ziguinchor,Faible,Taxi Jaune-Noir,183855
51,25,14,Saint-Louis,Faible,Transport / Clandos,179656
45,15,6,Kaolack,Moyen,Particulier (Berline / SUV),163243
60,9,6,Kaolack,Moyen,Particulier (Berline / SUV),165722
58,36,6,Kaolack,Moyen,Particulier (Berline / SUV),166435
56,17,6,Thiès,Moyen,Particulier (Berline / SUV),173192
39,20,9,Dakar - Plateau / Médina,Élevé,Particulier (Berline / SUV),208019
66,26,7,Dakar - Plateau / Médina,Élevé,Taxi Jaune-Noir,225766
34,12,9,Kaolack,Moyen,Particulier (Berline / SUV),184633
51,28,6,Mbour / Saly,Moyen,Transport / Clandos,163770
23,0,9,Dakar - VDN / Almadies,Élevé,Moto / Jakarta,280163
63,40,4,Mbour / Saly,Moyen,Taxi Jaune-Noir,190063
23,0,9,Mbour / Saly,Moyen,Taxi Jaune-Noir,264772
51,25,6,Dakar - Plateau / Médina,Élevé,Particulier (Berline / SUV),188205
18,0,6,Rufisque,Élevé,Moto / Jakarta,260707
27,5,7,Mbour / Saly,Moyen,Particulier (Berline / SUV),167410
38,14,11,Mbour / Saly,Moyen,Taxi Jaune-Noir,227886
22,3,4,Ziguinchor,Faible,Camion / Utilitaire,237782
19,1,6,Rufisque,Élevé,Taxi Jaune-Noir,267942
39,18,9,Dakar - Plateau / Médina,Élevé,Transport / Clandos,205009
65,0,6,Dakar - VDN / Almadies,Élevé,Particulier (Berline / SUV),240578
19,0,4,Touba / Mbacké,Moyen,Particulier (Berline / SUV),205716
27,7,6,Dakar - Plateau / Médina,Élevé,Transport / Clandos,196777
51,22,6,Dakar - Plateau / Médina,Élevé,Particulier (Berline / SUV),190136
33,2,11,Mbour / Saly,Moyen,Transport / Clandos,216612
65,34,9,Ziguinchor,Faible,Particulier (Berline / SUV),169600
68,25,7,Saint-Louis,Faible,Moto / Jakarta,171513
56,13,14,Kaolack,Moyen,Particulier (Berline / SUV),195809
39,13,6,Dakar - Keur Massar / Pikine,Très Élevé,Taxi Jaune-Noir,237338
29,3,4,Ziguinchor,Faible,Taxi Jaune-Noir,203364
41,15,6,Saint-Louis,Faible,Particulier (Berline / SUV),141364
64,17,6,Mbour / Saly,Moyen,Particulier (Berline / SUV),167592
57,20,4,Mbour / Saly,Moyen,Particulier (Berline / SUV),161027
55,18,11,Dakar - VDN / Almadies,Élevé,Particulier (Berline / SUV),211453
27,5,9,Saint-Louis,Faible,Particulier (Berline / SUV),163066
52,8,6,Thiès,Moyen,Particulier (Berline / SUV),170870
68,36,7,Kaolack,Moyen,Taxi Jaune-Noir,216068
66,31,7,Dakar - Keur Massar / Pikine,Très Élevé,Particulier (Berline / SUV),214896
49,21,11,Dakar - VDN / Almadies,Élevé,Camion / Utilitaire,286893
24,5,9,Ziguinchor,Faible,Taxi Jaune-Noir,188622
38,1,7,Ziguinchor,Faible,Particulier (Berline / SUV),209751
37,1,9,Saint-Louis,Faible,Particulier (Berline / SUV),202425
43,3,7,Kaolack,Moyen,Moto / Jakarta,203207
21,3,7,Kaolack,Moyen,Particulier (Berline / SUV),197407
63,1,4,Ziguinchor,Faible,Taxi Jaune-Noir,220695
69,7,4,Thiès,Moyen,Taxi Jaune-Noir,198431
39,5,7,Mbour / Saly,Moyen,Particulier (Berline / SUV),173109
32,7,6,Kaolack,Moyen,Transport / Clandos,176869
57,29,4,Saint-Louis,Faible,Particulier (Berline / SUV),147602
38,0,7,Ziguinchor,Faible,Particulier (Berline / SUV),192991
32,6,4,Mbour / Saly,Moyen,Transport / Clandos,148175
39,6,7,Rufisque,Élevé,Taxi Jaune-Noir,229811
69,44,7,Dakar - Plateau / Médina,Élevé,Moto / Jakarta,218032
45,4,11,Mbour / Saly,Moyen,Taxi Jaune-Noir,251982
31,10,6,Kaolack,Moyen,Transport / Clandos,166912
44,9,4,Dakar - Plateau / Médina,Élevé,Transport / Clandos,185933
58,10,7,Kaolack,Moyen,Particulier (Berline / SUV),173653
57,17,9,Saint-Louis,Faible,Transport / Clandos,154833
45,2,14,Touba / Mbacké,Moyen,Taxi Jaune-Noir,271335
43,20,6,Mbour / Saly,Moyen,Particulier (Berline / SUV),158347
66,23,6,Dakar - Plateau / Médina,Élevé,Taxi Jaune-Noir,236021
19,1,11,Saint-Louis,Faible,Particulier (Berline / SUV),215377
42,2,4,Kaolack,Moyen,Transport / Clandos,181529
20,1,7,Mbour / Saly,Moyen,Taxi Jaune-Noir,252066
25,2,6,Saint-Louis,Faible,Camion / Utilitaire,258506
61,3,4,Kaolack,Moyen,Particulier (Berline / SUV),189149
50,25,6,Touba / Mbacké,Moyen,Taxi Jaune-Noir,203114
59,40,6,Touba / Mbacké,Moyen,Particulier (Berline / SUV),172338
69,19,7,Dakar - Keur Massar / Pikine,Très Élevé,Taxi Jaune-Noir,245822
52,14,11,Dakar - VDN / Almadies,Élevé,Transport / Clandos,207437
23,3,6,Saint-Louis,Faible,Transport / Clandos,172397
56,5,9,Dakar - VDN / Almadies,Élevé,Transport / Clandos,212880
69,45,4,Dakar - Keur Massar / Pikine,Très Élevé,Moto / Jakarta,222186
40,3,7,Thiès,Moyen,Particulier (Berline / SUV),191146
42,0,4,Mbour / Saly,Moyen,Particulier (Berline / SUV),206532
67,13,11,Kaolack,Moyen,Taxi Jaune-Noir,218328
60,30,9,Ziguinchor,Faible,Particulier (Berline / SUV),160765
36,2,7,Dakar - VDN / Almadies,Élevé,Particulier (Berline / SUV),212947
22,1,9,Dakar - VDN / Almadies,Élevé,Taxi Jaune-Noir,284690
68,37,7,Saint-Louis,Faible,Particulier (Berline / SUV),157858
28,3,11,Mbour / Saly,Moyen,Particulier (Berline / SUV),213707
29,8,7,Saint-Louis,Faible,Transport / Clandos,153315
27,7,11,Touba / Mbacké,Moyen,Particulier (Berline / SUV),193593
25,0,7,Dakar - VDN / Almadies,Élevé,Particulier (Berline / SUV),245770
41,0,4,Mbour / Saly,Moyen,Particulier (Berline / SUV),206625
45,22,7,Rufisque,Élevé,Moto / Jakarta,210142
58,21,4,Thiès,Moyen,Camion / Utilitaire,244940
53,7,7,Kaolack,Moyen,Taxi Jaune-Noir,206756
54,27,6,Dakar - Keur Massar / Pikine,Très Élevé,Particulier (Berline / SUV),216279
38,4,7,Thiès,Moyen,Moto / Jakarta,206906
25,7,4,Dakar - Keur Massar / Pikine,Très Élevé,Taxi Jaune-Noir,238339
26,1,4,Dakar - VDN / Almadies,Élevé,Transport / Clandos,239098
64,14,6,Thiès,Moyen,Transport / Clandos,161956
32,6,11,Thiès,Moyen,Particulier (Berline / SUV),197708
65,5,6,Kaolack,Moyen,Particulier (Berline / SUV),171417
63,6,6,Ziguinchor,Faible,Particulier (Berline / SUV),138743
57,6,7,Kaolack,Moyen,Particulier (Berline / SUV),167690
35,10,7,Saint-Louis,Faible,Transport / Clandos,146370
59,23,6,Ziguinchor,Faible,Moto / Jakarta,153788
37,9,6,Thiès,Moyen,Transport / Clandos,164532
23,1,6,Ziguinchor,Faible,Particulier (Berline / SUV),193001
29,6,11,Ziguinchor,Faible,Particulier (Berline / SUV),160675
19,0,4,Saint-Louis,Faible,Particulier (Berline / SUV),193409
24,5,6,Mbour / Saly,Moyen,Particulier (Berline / SUV),165527
33,4,4,Dakar - VDN / Almadies,Élevé,Particulier (Berline / SUV),203359
20,0,6,Mbour / Saly,Moyen,Taxi Jaune-Noir,257307
62,33,9,Dakar - VDN / Almadies,Élevé,Particulier (Berline / SUV),209800
20,2,6,Mbour / Saly,Moyen,Camion / Utilitaire,265801
44,0,4,Mbour / Saly,Moyen,Particulier (Berline / SUV),214217
67,39,6,Dakar - Keur Massar / Pikine,Très Élevé,Transport / Clandos,203336
60,41,4,Ziguinchor,Faible,Taxi Jaune-Noir,177467
57,10,4,Touba / Mbacké,Moyen,Particulier (Berline / SUV),159682
55,28,9,Saint-Louis,Faible,Transport / Clandos,168878
50,22,9,Mbour / Saly,Moyen,Transport / Clandos,186399
45,23,11,Thiès,Moyen,Taxi Jaune-Noir,229499
18,0,9,Rufisque,Élevé,Taxi Jaune-Noir,296654
25,2,7,Dakar - Keur Massar / Pikine,Très Élevé,Particulier (Berline / SUV),235186
54,26,4,Rufisque,Élevé,Taxi Jaune-Noir,212851
49,28,9,Dakar - Plateau / Médina,Élevé,Moto / Jakarta,214551
65,13,9,Kaolack,Moyen,Particulier (Berline / SUV),181955
60,5,9,Dakar - Plateau / Médina,Élevé,Particulier (Berline / SUV),198566
54,6,7,Dakar - VDN / Almadies,Élevé,Moto / Jakarta,208175
21,1,6,Mbour / Saly,Moyen,Particulier (Berline / SUV),216309
47,24,9,Saint-Louis,Faible,Taxi Jaune-Noir,191419
23,0,7,Thiès,Moyen,Taxi Jaune-Noir,252014
63,37,14,Touba / Mbacké,Moyen,Taxi Jaune-Noir,244670
36,12,4,Touba / Mbacké,Moyen,Particulier (Berline / SUV),156938
49,22,6,Dakar - Keur Massar / Pikine,Très Élevé,Particulier (Berline / SUV),220456
26,6,6,Dakar - Keur Massar / Pikine,Très Élevé,Particulier (Berline / SUV),221191
29,5,9,Dakar - Keur Massar / Pikine,Très Élevé,Transport / Clandos,222459
28,2,4,Dakar - Keur Massar / Pikine,Très Élevé,Transport / Clandos,237121
63,15,4,Ziguinchor,Faible,Taxi Jaune-Noir,163135
33,8,14,Mbour / Saly,Moyen,Taxi Jaune-Noir,245236
18,0,4,Rufisque,Élevé,Particulier (Berline / SUV),241703
62,15,9,Mbour / Saly,Moyen,Particulier (Berline / SUV),176416
38,17,6,Mbour / Saly,Moyen,Transport / Clandos,170645
47,19,9,Dakar - Plateau / Médina,Élevé,Particulier (Berline / SUV),198017
30,9,7,Saint-Louis,Faible,Particulier (Berline / SUV),149566
51,18,11,Thiès,Moyen,Particulier (Berline / SUV),195822
21,0,11,Dakar - VDN / Almadies,Élevé,Particulier (Berline / SUV),257590
45,27,4,Saint-Louis,Faible,Particulier (Berline / SUV),138769
55,19,4,Dakar - Keur Massar / Pikine,Très Élevé,Transport / Clandos,193850
48,6,6,Rufisque,Élevé,Moto / Jakarta,206315
44,16,7,Dakar - Plateau / Médina,Élevé,Moto / Jakarta,205497
22,4,9,Ziguinchor,Faible,Moto / Jakarta,203416
42,16,6,Rufisque,Élevé,Moto / Jakarta,209240
20,0,7,Dakar - Plateau / Médina,Élevé,Taxi Jaune-Noir,290844
50,25,4,Kaolack,Moyen,Particulier (Berline / SUV),151475
21,2,9,Ziguinchor,Faible,Transport / Clandos,186101
42,20,11,Dakar - Keur Massar / Pikine,Très Élevé,Particulier (Berline / SUV),229538
37,1,6,Dakar - VDN / Almadies,Élevé,Particulier (Berline / SUV),232946
51,15,6,Dakar - Keur Massar / Pikine,Très Élevé,Particulier (Berline / SUV),204656
43,15,4,Rufisque,Élevé,Taxi Jaune-Noir,223080
22,3,7,Dakar - Keur Massar / Pikine,Très Élevé,Particulier (Berline / SUV),247223
52,7,7,Kaolack,Moyen,Particulier (Berline / SUV),176378
45,7,4,Dakar - Keur Massar / Pikine,Très Élevé,Particulier (Berline / SUV),201825
46,15,6,Dakar - Plateau / Médina,Élevé,Moto / Jakarta,216470
26,1,6,Touba / Mbacké,Moyen,Taxi Jaune-Noir,242190
69,33,7,Dakar - Keur Massar / Pikine,Très Élevé,Moto / Jakarta,232294
55,0,7,Kaolack,Moyen,Particulier (Berline / SUV),212936
67,23,4,Mbour / Saly,Moyen,Particulier (Berline / SUV),162847
23,2,9,Mbour / Saly,Moyen,Taxi Jaune-Noir,241146
36,4,7,Dakar - VDN / Almadies,Élevé,Particulier (Berline / SUV),230150
61,24,6,Dakar - VDN / Almadies,Élevé,Taxi Jaune-Noir,221237
28,9,4,Dakar - VDN / Almadies,Élevé,Transport / Clandos,179926
19,1,9,Saint-Louis,Faible,Transport / Clandos,202095
64,23,11,Thiès,Moyen,Moto / Jakarta,203771
61,34,6,Dakar - VDN / Almadies,Élevé,Particulier (Berline / SUV),192589
61,43,6,Dakar - Keur Massar / Pikine,Très Élevé,Particulier (Berline / SUV),203819
26,2,4,Dakar - VDN / Almadies,Élevé,Taxi Jaune-Noir,235317
38,15,7,Thiès,Moyen,Particulier (Berline / SUV),179429
41,2,4,Saint-Louis,Faible,Particulier (Berline / SUV),172735
51,1,6,Thiès,Moyen,Particulier (Berline / SUV),219497
39,18,7,Rufisque,Élevé,Particulier (Berline / SUV),189532
20,0,7,Dakar - VDN / Almadies,Élevé,Particulier (Berline / SUV),249569
29,0,6,Dakar - VDN / Almadies,Élevé,Particulier (Berline / SUV),240361
45,8,6,Dakar - VDN / Almadies,Élevé,Taxi Jaune-Noir,222833
47,6,7,Rufisque,Élevé,Taxi Jaune-Noir,229366
43,1,4,Thiès,Moyen,Transport / Clandos,211071
65,3,4,Dakar - Plateau / Médina,Élevé,Taxi Jaune-Noir,235922
38,12,9,Dakar - Keur Massar / Pikine,Très Élevé,Particulier (Berline / SUV),216172
45,16,4,Kaolack,Moyen,Particulier (Berline / SUV),154823
43,9,7,Dakar - Keur Massar / Pikine,Très Élevé,Particulier (Berline / SUV),211839
50,32,11,Dakar - VDN / Almadies,Élevé,Transport / Clandos,217230
38,13,6,Saint-Louis,Faible,Transport / Clandos,150185
52,27,6,Rufisque,Élevé,Particulier (Berline / SUV),191336
69,44,7,Dakar - Plateau / Médina,Élevé,Particulier (Berline / SUV),191550
51,25,9,Ziguinchor,Faible,Camion / Utilitaire,234451
58,5,11,Dakar - Plateau / Médina,Élevé,Taxi Jaune-Noir,249282
68,40,7,Kaolack,Moyen,Transport / Clandos,177584
64,34,4,Dakar - Keur Massar / Pikine,Très Élevé,Particulier (Berline / SUV),207167
35,17,7,Dakar - VDN / Almadies,Élevé,Particulier (Berline / SUV),196661
28,9,6,Touba / Mbacké,Moyen,Transport / Clandos,176775
40,4,6,Ziguinchor,Faible,Taxi Jaune-Noir,201302
65,17,4,Dakar - VDN / Almadies,Élevé,Taxi Jaune-Noir,219765
39,2,4,Rufisque,Élevé,Taxi Jaune-Noir,236149
34,9,9,Ziguinchor,Faible,Taxi Jaune-Noir,197540
22,0,6,Kaolack,Moyen,Transport / Clandos,223798
61,32,6,Touba / Mbacké,Moyen,Particulier (Berline / SUV),163549
28,3,6,Thiès,Moyen,Particulier (Berline / SUV),198043
47,25,9,Thiès,Moyen,Moto / Jakarta,200096
32,2,7,Thiès,Moyen,Particulier (Berline / SUV),199216
44,17,6,Saint-Louis,Faible,Taxi Jaune-Noir,187611
52,20,4,Thiès,Moyen,Transport / Clandos,156797
50,25,6,Mbour / Saly,Moyen,Camion / Utilitaire,255450
37,18,11,Ziguinchor,Faible,Particulier (Berline / SUV),179171
33,2,7,Touba / Mbacké,Moyen,Particulier (Berline / SUV),200363
51,19,7,Rufisque,Élevé,Transport / Clandos,189456
19,1,7,Mbour / Saly,Moyen,Transport / Clandos,225345
52,15,6,Mbour / Saly,Moyen,Transport / Clandos,169066
57,3,9,Touba / Mbacké,Moyen,Particulier (Berline / SUV),201606
45,7,7,Rufisque,Élevé,Particulier (Berline / SUV),200724
64,5,4,Ziguinchor,Faible,Taxi Jaune-Noir,176959
56,27,4,Dakar - Keur Massar / Pikine,Très Élevé,Moto / Jakarta,211045
23,0,7,Dakar - VDN / Almadies,Élevé,Moto / Jakarta,252825
26,7,11,Dakar - Keur Massar / Pikine,Très Élevé,Particulier (Berline / SUV),241321
37,19,6,Kaolack,Moyen,Particulier (Berline / SUV),168198
18,0,9,Touba / Mbacké,Moyen,Particulier (Berline / SUV),235688
25,4,9,Dakar - Keur Massar / Pikine,Très Élevé,Camion / Utilitaire,327847
40,21,6,Dakar - Keur Massar / Pikine,Très Élevé,Taxi Jaune-Noir,242081
20,2,4,Dakar - Keur Massar / Pikine,Très Élevé,Particulier (Berline / SUV),234230
21,1,4,Thiès,Moyen,Particulier (Berline / SUV),215277
42,3,7,Dakar - Plateau / Médina,Élevé,Taxi Jaune-Noir,263692
64,0,4,Dakar - Keur Massar / Pikine,Très Élevé,Particulier (Berline / SUV),245751
55,8,6,Dakar - VDN / Almadies,Élevé,Transport / Clandos,191525
32,11,7,Touba / Mbacké,Moyen,Transport / Clandos,176842
38,0,7,Kaolack,Moyen,Particulier (Berline / SUV),225831
52,10,4,Dakar - Plateau / Médina,Élevé,Particulier (Berline / SUV),175594
63,31,6,Saint-Louis,Faible,Moto / Jakarta,167650
69,22,6,Dakar - VDN / Almadies,Élevé,Particulier (Berline / SUV),191843
31,8,7,Dakar - VDN / Almadies,Élevé,Particulier (Berline / SUV),191369
53,33,9,Thiès,Moyen,Moto / Jakarta,189687
29,11,4,Thiès,Moyen,Transport / Clandos,157843
34,8,9,Touba / Mbacké,Moyen,Transport / Clandos,178647
56,10,7,Dakar - VDN / Almadies,Élevé,Particulier (Berline / SUV),203640
26,5,7,Rufisque,Élevé,Particulier (Berline / SUV),200515
52,8,7,Rufisque,Élevé,Particulier (Berline / SUV),196182
30,11,6,Touba / Mbacké,Moyen,Particulier (Berline / SUV),175629
32,12,4,Dakar - Keur Massar / Pikine,Très Élevé,Transport / Clandos,194563
35,8,7,Mbour / Saly,Moyen,Particulier (Berline / SUV),179554
68,46,7,Saint-Louis,Faible,Transport / Clandos,144007
50,7,7,Kaolack,Moyen,Particulier (Berline / SUV),162977
23,0,6,Thiès,Moyen,Particulier (Berline / SUV),223823
44,10,11,Kaolack,Moyen,Camion / Utilitaire,263026
40,13,7,Mbour / Saly,Moyen,Particulier (Berline / SUV),178233
44,8,4,Ziguinchor,Faible,Particulier (Berline / SUV),141923
51,33,6,Touba / Mbacké,Moyen,Particulier (Berline / SUV),170533
63,4,9,Dakar - Keur Massar / Pikine,Très Élevé,Particulier (Berline / SUV),243596
55,16,9,Dakar - Plateau / Médina,Élevé,Particulier (Berline / SUV),210725
31,11,6,Dakar - Keur Massar / Pikine,Très Élevé,Particulier (Berline / SUV),220627
53,4,9,Dakar - VDN / Almadies,Élevé,Taxi Jaune-Noir,263802
25,7,6,Dakar - Keur Massar / Pikine,Très Élevé,Transport / Clandos,213647
52,29,6,Dakar - VDN / Almadies,Élevé,Taxi Jaune-Noir,225351
36,16,9,Kaolack,Moyen,Particulier (Berline / SUV),189687
47,11,9,Ziguinchor,Faible,Taxi Jaune-Noir,188179
31,0,7,Thiès,Moyen,Particulier (Berline / SUV),227996
37,15,9,Ziguinchor,Faible,Taxi Jaune-Noir,186033
66,36,4,Dakar - VDN / Almadies,Élevé,Taxi Jaune-Noir,211733
42,5,9,Dakar - Plateau / Médina,Élevé,Particulier (Berline / SUV),210667
57,23,6,Mbour / Saly,Moyen,Transport / Clandos,162883
41,5,4,Kaolack,Moyen,Moto / Jakarta,168970
31,4,6,Kaolack,Moyen,Transport / Clandos,194876
43,24,6,Dakar - Keur Massar / Pikine,Très Élevé,Particulier (Berline / SUV),203483
55,6,6,Thiès,Moyen,Taxi Jaune-Noir,194729
40,18,6,Dakar - Keur Massar / Pikine,Très Élevé,Moto / Jakarta,230639
39,21,4,Dakar - Keur Massar / Pikine,Très Élevé,Particulier (Berline / SUV),202753
65,46,6,Dakar - VDN / Almadies,Élevé,Transport / Clandos,192287
36,3,7,Mbour / Saly,Moyen,Particulier (Berline / SUV),205741
63,14,6,Thiès,Moyen,Particulier (Berline / SUV),171909
68,47,6,Dakar - Keur Massar / Pikine,Très Élevé,Transport / Clandos,216743
20,2,7,Kaolack,Moyen,Transport / Clandos,195185
59,0,9,Dakar - Keur Massar / Pikine,Très Élevé,Transport / Clandos,276684
36,1,9,Saint-Louis,Faible,Moto / Jakarta,221633
26,0,6,Touba / Mbacké,Moyen,Particulier (Berline / SUV),213916
45,7,7,Kaolack,Moyen,Particulier (Berline / SUV),167564
37,1,4,Saint-Louis,Faible,Moto / Jakarta,195563
62,30,4,Touba / Mbacké,Moyen,Particulier (Berline / SUV),167793
24,2,6,Dakar - Plateau / Médina,Élevé,Taxi Jaune-Noir,250497
31,6,9,Saint-Louis,Faible,Taxi Jaune-Noir,188984
26,2,6,Dakar - VDN / Almadies,Élevé,Particulier (Berline / SUV),221214
36,5,4,Dakar - Plateau / Médina,Élevé,Particulier (Berline / SUV),190510
64,2,4,Rufisque,Élevé,Taxi Jaune-Noir,233587
69,35,9,Thiès,Moyen,Moto / Jakarta,185691
31,12,7,Kaolack,Moyen,Transport / Clandos,174441
55,26,6,Rufisque,Élevé,Taxi Jaune-Noir,220823
53,14,7,Kaolack,Moyen,Particulier (Berline / SUV),161935
57,20,7,Thiès,Moyen,Particulier (Berline / SUV),167127
34,7,7,Thiès,Moyen,Particulier (Berline / SUV),177134
47,13,6,Kaolack,Moyen,Particulier (Berline / SUV),172078
26,5,9,Thiès,Moyen,Particulier (Berline / SUV),183774
50,17,6,Saint-Louis,Faible,Particulier (Berline / SUV),156722
69,4,7,Ziguinchor,Faible,Particulier (Berline / SUV),182448
42,18,4,Mbour / Saly,Moyen,Particulier (Berline / SUV),157922
31,5,6,Kaolack,Moyen,Particulier (Berline / SUV),168820
28,1,6,Rufisque,Élevé,Taxi Jaune-Noir,279943
52,32,7,Rufisque,Élevé,Taxi Jaune-Noir,231417
58,3,4,Thiès,Moyen,Particulier (Berline / SUV),175871
31,2,9,Kaolack,Moyen,Moto / Jakarta,214598
47,7,6,Ziguinchor,Faible,Particulier (Berline / SUV),141427
58,33,7,Ziguinchor,Faible,Moto / Jakarta,156954
21,0,9,Mbour / Saly,Moyen,Particulier (Berline / SUV),226752
21,3,7,Saint-Louis,Faible,Moto / Jakarta,185167
45,2,7,Mbour / Saly,Moyen,Particulier (Berline / SUV),187020
25,7,7,Dakar - VDN / Almadies,Élevé,Transport / Clandos,192667
19,1,6,Rufisque,Élevé,Particulier (Berline / SUV),232878
58,19,9,Ziguinchor,Faible,Transport / Clandos,157356
63,20,6,Thiès,Moyen,Particulier (Berline / SUV),172765
39,2,7,Ziguinchor,Faible,Particulier (Berline / SUV),171256
58,35,7,Ziguinchor,Faible,Transport / Clandos,149422
33,14,6,Touba / Mbacké,Moyen,Particulier (Berline / SUV),171279
46,0,6,Rufisque,Élevé,Moto / Jakarta,264648
66,23,6,Dakar - VDN / Almadies,Élevé,Particulier (Berline / SUV),188255
65,12,9,Mbour / Saly,Moyen,Particulier (Berline / SUV),173321
47,9,11,Dakar - VDN / Almadies,Élevé,Transport / Clandos,214360
29,9,7,Touba / Mbacké,Moyen,Particulier (Berline / SUV),176685
52,19,7,Saint-Louis,Faible,Particulier (Berline / SUV),146355
28,9,11,Dakar - VDN / Almadies,Élevé,Transport / Clandos,220031
63,15,4,Ziguinchor,Faible,Transport / Clandos,141824
67,29,6,Dakar - Plateau / Médina,Élevé,Moto / Jakarta,197714
38,11,7,Kaolack,Moyen,Particulier (Berline / SUV),165316
38,18,9,Dakar - VDN / Almadies,Élevé,Taxi Jaune-Noir,235942
22,3,9,Kaolack,Moyen,Particulier (Berline / SUV),200494
65,12,6,Touba / Mbacké,Moyen,Particulier (Berline / SUV),171590
37,17,4,Dakar - VDN / Almadies,Élevé,Transport / Clandos,188894
54,15,6,Dakar - VDN / Almadies,Élevé,Particulier (Berline / SUV),197449
20,0,6,Dakar - Keur Massar / Pikine,Très Élevé,Particulier (Berline / SUV),252643
61,0,6,Ziguinchor,Faible,Particulier (Berline / SUV),201729
50,26,9,Thiès,Moyen,Transport / Clandos,189676
26,0,4,Kaolack,Moyen,Moto / Jakarta,220950
26,3,9,Saint-Louis,Faible,Taxi Jaune-Noir,217097
21,2,6,Dakar - Keur Massar / Pikine,Très Élevé,Particulier (Berline / SUV),236661
52,0,7,Ziguinchor,Faible,Transport / Clandos,210159
34,10,4,Touba / Mbacké,Moyen,Taxi Jaune-Noir,195836
51,0,6,Kaolack,Moyen,Particulier (Berline / SUV),208668
41,21,4,Mbour / Saly,Moyen,Particulier (Berline / SUV),158939
49,24,11,Touba / Mbacké,Moyen,Particulier (Berline / SUV),179758
18,0,9,Thiès,Moyen,Particulier (Berline / SUV),223864
25,1,6,Kaolack,Moyen,Transport / Clandos,221148
62,13,6,Touba / Mbacké,Moyen,Particulier (Berline / SUV),170621
40,16,11,Dakar - Keur Massar / Pikine,Très Élevé,Particulier (Berline / SUV),240743
64,15,6,Touba / Mbacké,Moyen,Moto / Jakarta,190961
57,26,4,Thiès,Moyen,Transport / Clandos,167524
29,7,7,Thiès,Moyen,Taxi Jaune-Noir,214663
29,0,11,Dakar - Plateau / Médina,Élevé,Particulier (Berline / SUV),264028
63,9,4,Dakar - VDN / Almadies,Élevé,Particulier (Berline / SUV),174212
64,45,6,Mbour / Saly,Moyen,Particulier (Berline / SUV),172974
32,4,11,Mbour / Saly,Moyen,Particulier (Berline / SUV),217596
58,5,4,Dakar - Keur Massar / Pikine,Très Élevé,Particulier (Berline / SUV),208928
36,1,4,Thiès,Moyen,Taxi Jaune-Noir,249821
43,7,7,Dakar - Plateau / Médina,Élevé,Particulier (Berline / SUV),205867
69,33,9,Ziguinchor,Faible,Particulier (Berline / SUV),166487
46,13,6,Dakar - Plateau / Médina,Élevé,Particulier (Berline / SUV),189599
39,11,14,Saint-Louis,Faible,Taxi Jaune-Noir,209989
57,29,7,Touba / Mbacké,Moyen,Taxi Jaune-Noir,213811
38,2,4,Dakar - VDN / Almadies,Élevé,Taxi Jaune-Noir,233623
68,37,14,Dakar - Plateau / Médina,Élevé,Particulier (Berline / SUV),231828
55,6,6,Touba / Mbacké,Moyen,Particulier (Berline / SUV),175887
37,16,6,Dakar - VDN / Almadies,Élevé,Particulier (Berline / SUV),192349
46,4,7,Kaolack,Moyen,Particulier (Berline / SUV),204629
68,40,6,Saint-Louis,Faible,Moto / Jakarta,154081
21,3,4,Saint-Louis,Faible,Camion / Utilitaire,241776
24,0,4,Thiès,Moyen,Taxi Jaune-Noir,246668
45,18,6,Saint-Louis,Faible,Moto / Jakarta,167510
45,18,9,Kaolack,Moyen,Taxi Jaune-Noir,209331
21,0,7,Thiès,Moyen,Particulier (Berline / SUV),227713
39,13,14,Rufisque,Élevé,Camion / Utilitaire,309362
29,10,6,Ziguinchor,Faible,Particulier (Berline / SUV),151690
62,8,6,Dakar - Keur Massar / Pikine,Très Élevé,Taxi Jaune-Noir,251294
20,0,4,Touba / Mbacké,Moyen,Particulier (Berline / SUV),198681
39,9,4,Ziguinchor,Faible,Particulier (Berline / SUV),133286
61,16,6,Ziguinchor,Faible,Taxi Jaune-Noir,181437
19,1,9,Mbour / Saly,Moyen,Particulier (Berline / SUV),226798
41,12,11,Dakar - Plateau / Médina,Élevé,Particulier (Berline / SUV),219876
51,20,14,Saint-Louis,Faible,Particulier (Berline / SUV),184267
44,10,6,Rufisque,Élevé,Particulier (Berline / SUV),196356
58,28,9,Dakar - Plateau / Médina,Élevé,Camion / Utilitaire,283105
18,0,6,Dakar - Keur Massar / Pikine,Très Élevé,Transport / Clandos,268634
25,3,4,Dakar - Plateau / Médina,Élevé,Particulier (Berline / SUV),205199
40,2,9,Mbour / Saly,Moyen,Particulier (Berline / SUV),214756
55,12,7,Dakar - Keur Massar / Pikine,Très Élevé,Transport / Clandos,217613
23,1,4,Kaolack,Moyen,Particulier (Berline / SUV),217729
39,18,6,Kaolack,Moyen,Particulier (Berline / SUV),172350
42,3,6,Thiès,Moyen,Particulier (Berline / SUV),186297
35,4,7,Dakar - Plateau / Médina,Élevé,Moto / Jakarta,236113
34,3,6,Touba / Mbacké,Moyen,Particulier (Berline / SUV),194791
29,2,14,Rufisque,Élevé,Particulier (Berline / SUV),256659
23,3,4,Mbour / Saly,Moyen,Particulier (Berline / SUV),184804
43,14,6,Dakar - Keur Massar / Pikine,Très Élevé,Particulier (Berline / SUV),217477
44,10,6,Rufisque,Élevé,Taxi Jaune-Noir,222309
25,6,7,Dakar - Plateau / Médina,Élevé,Particulier (Berline / SUV),193289
36,3,6,Touba / Mbacké,Moyen,Particulier (Berline / SUV),191255
59,34,7,Dakar - Plateau / Médina,Élevé,Particulier (Berline / SUV),189324
18,0,9,Saint-Louis,Faible,Particulier (Berline / SUV),216323
46,24,11,Saint-Louis,Faible,Transport / Clandos,163730
62,13,9,Mbour / Saly,Moyen,Moto / Jakarta,191178
66,28,9,Dakar - Keur Massar / Pikine,Très Élevé,Particulier (Berline / SUV),222036
52,19,7,Dakar - Keur Massar / Pikine,Très Élevé,Particulier (Berline / SUV),211622
57,29,9,Ziguinchor,Faible,Particulier (Berline / SUV),170349
31,4,6,Mbour / Saly,Moyen,Taxi Jaune-Noir,233127
52,7,6,Mbour / Saly,Moyen,Transport / Clandos,160306
65,5,6,Touba / Mbacké,Moyen,Particulier (Berline / SUV),170630
62,10,6,Saint-Louis,Faible,Taxi Jaune-Noir,188178
37,9,6,Dakar - Keur Massar / Pikine,Très Élevé,Transport / Clandos,211950
66,45,11,Dakar - Plateau / Médina,Élevé,Moto / Jakarta,227191
30,11,6,Mbour / Saly,Moyen,Particulier (Berline / SUV),163862
55,2,4,Thiès,Moyen,Particulier (Berline / SUV),191246
66,13,7,Dakar - VDN / Almadies,Élevé,Particulier (Berline / SUV),188041
63,20,4,Dakar - Keur Massar / Pikine,Très Élevé,Moto / Jakarta,208594
66,9,4,Kaolack,Moyen,Transport / Clandos,159756
25,1,6,Dakar - Keur Massar / Pikine,Très Élevé,Taxi Jaune-Noir,295546
60,15,6,Thiès,Moyen,Particulier (Berline / SUV),168699
37,11,6,Dakar - Keur Massar / Pikine,Très Élevé,Particulier (Berline / SUV),207197
50,25,9,Thiès,Moyen,Particulier (Berline / SUV),176225
43,16,7,Dakar - VDN / Almadies,Élevé,Taxi Jaune-Noir,237997
56,3,6,Ziguinchor,Faible,Particulier (Berline / SUV),163047
38,9,6,Touba / Mbacké,Moyen,Particulier (Berline / SUV),159086
66,16,6,Dakar - VDN / Almadies,Élevé,Transport / Clandos,193066
59,11,9,Rufisque,Élevé,Particulier (Berline / SUV),209610
60,1,4,Ziguinchor,Faible,Particulier (Berline / SUV),181734
58,25,4,Touba / Mbacké,Moyen,Particulier (Berline / SUV),155428
26,7,9,Saint-Louis,Faible,Transport / Clandos,154454
41,17,6,Thiès,Moyen,Taxi Jaune-Noir,210415
54,35,4,Mbour / Saly,Moyen,Moto / Jakarta,170343
66,15,6,Rufisque,Élevé,Particulier (Berline / SUV),197937
58,6,11,Dakar - VDN / Almadies,Élevé,Moto / Jakarta,227948
34,14,9,Dakar - Keur Massar / Pikine,Très Élevé,Moto / Jakarta,241651
41,3,7,Dakar - VDN / Almadies,Élevé,Taxi Jaune-Noir,258140
38,4,6,Touba / Mbacké,Moyen,Moto / Jakarta,198529
68,7,7,Rufisque,Élevé,Particulier (Berline / SUV),204752
56,0,14,Dakar - Plateau / Médina,Élevé,Particulier (Berline / SUV),276765
58,3,11,Touba / Mbacké,Moyen,Particulier (Berline / SUV),209453
56,14,6,Ziguinchor,Faible,Taxi Jaune-Noir,188888
30,2,9,Dakar - VDN / Almadies,Élevé,Transport / Clandos,240301
28,3,4,Dakar - VDN / Almadies,Élevé,Transport / Clandos,201412
63,25,6,Rufisque,Élevé,Particulier (Berline / SUV),183652
36,11,7,Thiès,Moyen,Particulier (Berline / SUV),175846
28,10,6,Rufisque,Élevé,Particulier (Berline / SUV),196979
30,10,11,Mbour / Saly,Moyen,Taxi Jaune-Noir,218134
63,41,4,Dakar - VDN / Almadies,Élevé,Particulier (Berline / SUV),176469
62,5,7,Thiès,Moyen,Moto / Jakarta,196477
18,0,11,Thiès,Moyen,Particulier (Berline / SUV),232838
57,4,11,Rufisque,Élevé,Particulier (Berline / SUV),247931
61,1,4,Saint-Louis,Faible,Moto / Jakarta,194375
36,2,6,Touba / Mbacké,Moyen,Particulier (Berline / SUV),198623
29,3,7,Ziguinchor,Faible,Particulier (Berline / SUV),169954
25,7,4,Saint-Louis,Faible,Particulier (Berline / SUV),133473
25,2,11,Dakar - VDN / Almadies,Élevé,Particulier (Berline / SUV),233368
62,5,11,Dakar - VDN / Almadies,Élevé,Camion / Utilitaire,291230
29,5,4,Dakar - VDN / Almadies,Élevé,Taxi Jaune-Noir,219850
65,7,4,Kaolack,Moyen,Particulier (Berline / SUV),153145
50,2,4,Dakar - Keur Massar / Pikine,Très Élevé,Taxi Jaune-Noir,262572
62,29,11,Dakar - Plateau / Médina,Élevé,Particulier (Berline / SUV),218967
43,1,4,Kaolack,Moyen,Transport / Clandos,214577
56,10,6,Dakar - Plateau / Médina,Élevé,Moto / Jakarta,213331
45,18,6,Thiès,Moyen,Moto / Jakarta,175253
22,3,7,Dakar - VDN / Almadies,Élevé,Particulier (Berline / SUV),216555
25,6,4,Mbour / Saly,Moyen,Particulier (Berline / SUV),159918
42,15,6,Ziguinchor,Faible,Particulier (Berline / SUV),147964
44,0,11,Rufisque,Élevé,Taxi Jaune-Noir,294014
63,24,11,Ziguinchor,Faible,Taxi Jaune-Noir,198529
40,21,9,Mbour / Saly,Moyen,Particulier (Berline / SUV),177115
47,13,4,Rufisque,Élevé,Moto / Jakarta,202388
62,11,6,Thiès,Moyen,Particulier (Berline / SUV),170623
64,22,7,Mbour / Saly,Moyen,Particulier (Berline / SUV),161715
40,6,6,Dakar - VDN / Almadies,Élevé,Particulier (Berline / SUV),190038
66,11,11,Mbour / Saly,Moyen,Particulier (Berline / SUV),195021
64,17,7,Dakar - VDN / Almadies,Élevé,Particulier (Berline / SUV),197684
37,8,4,Mbour / Saly,Moyen,Taxi Jaune-Noir,192396
35,14,11,Mbour / Saly,Moyen,Particulier (Berline / SUV),196048
35,4,11,Saint-Louis,Faible,Particulier (Berline / SUV),190111
19,0,4,Ziguinchor,Faible,Transport / Clandos,180792
21,1,7,Dakar - Plateau / Médina,Élevé,Particulier (Berline / SUV),245216
47,20,6,Kaolack,Moyen,Taxi Jaune-Noir,204203
50,18,6,Saint-Louis,Faible,Particulier (Berline / SUV),150599
53,31,4,Dakar - Plateau / Médina,Élevé,Taxi Jaune-Noir,219817
35,13,7,Saint-Louis,Faible,Moto / Jakarta,164542
54,35,11,Dakar - Keur Massar / Pikine,Très Élevé,Particulier (Berline / SUV),229467
36,15,7,Rufisque,Élevé,Taxi Jaune-Noir,238855
64,3,4,Dakar - VDN / Almadies,Élevé,Moto / Jakarta,226818
45,2,7,Kaolack,Moyen,Taxi Jaune-Noir,228977
57,17,6,Saint-Louis,Faible,Particulier (Berline / SUV),141521
37,12,9,Saint-Louis,Faible,Particulier (Berline / SUV),164551
66,8,6,Thiès,Moyen,Taxi Jaune-Noir,205546
50,26,4,Mbour / Saly,Moyen,Moto / Jakarta,176412
29,3,4,Dakar - Keur Massar / Pikine,Très Élevé,Particulier (Berline / SUV),233032
68,41,9,Kaolack,Moyen,Particulier (Berline / SUV),187413
32,14,6,Kaolack,Moyen,Particulier (Berline / SUV),168854
58,33,9,Rufisque,Élevé,Particulier (Berline / SUV),196475
56,15,6,Kaolack,Moyen,Particulier (Berline / SUV),171502
19,0,6,Touba / Mbacké,Moyen,Particulier (Berline / SUV),211770
46,12,6,Kaolack,Moyen,Particulier (Berline / SUV),157325
58,22,11,Saint-Louis,Faible,Particulier (Berline / SUV),176452
27,7,11,Touba / Mbacké,Moyen,Moto / Jakarta,196780
19,1,6,Dakar - Plateau / Médina,Élevé,Particulier (Berline / SUV),234778
68,22,6,Mbour / Saly,Moyen,Particulier (Berline / SUV),168085
28,9,4,Touba / Mbacké,Moyen,Particulier (Berline / SUV),158315
30,8,7,Dakar - Plateau / Médina,Élevé,Moto / Jakarta,214661
27,5,6,Dakar - Keur Massar / Pikine,Très Élevé,Transport / Clandos,207384
31,6,11,Ziguinchor,Faible,Transport / Clandos,173723
35,8,11,Dakar - VDN / Almadies,Élevé,Particulier (Berline / SUV),206514
68,11,6,Saint-Louis,Faible,Transport / Clandos,149886
26,0,6,Touba / Mbacké,Moyen,Particulier (Berline / SUV),208215
56,20,9,Ziguinchor,Faible,Particulier (Berline / SUV),155446
45,19,9,Mbour / Saly,Moyen,Taxi Jaune-Noir,224327
20,0,4,Thiès,Moyen,Transport / Clandos,199894
37,0,6,Dakar - Keur Massar / Pikine,Très Élevé,Transport / Clandos,269032
23,2,6,Dakar - VDN / Almadies,Élevé,Moto / Jakarta,231690
44,1,6,Mbour / Saly,Moyen,Moto / Jakarta,235739
19,1,4,Dakar - Keur Massar / Pikine,Très Élevé,Particulier (Berline / SUV),256172
46,16,4,Thiès,Moyen,Particulier (Berline / SUV),166140
55,22,7,Dakar - Plateau / Médina,Élevé,Particulier (Berline / SUV),196472
20,2,6,Thiès,Moyen,Moto / Jakarta,207279
33,7,4,Touba / Mbacké,Moyen,Particulier (Berline / SUV),159277
47,5,6,Dakar - VDN / Almadies,Élevé,Moto / Jakarta,197258
57,6,9,Kaolack,Moyen,Particulier (Berline / SUV),179667
19,0,9,Rufisque,Élevé,Particulier (Berline / SUV),262794
34,7,6,Saint-Louis,Faible,Particulier (Berline / SUV),141812
58,17,6,Saint-Louis,Faible,Particulier (Berline / SUV),150236
29,8,14,Dakar - Plateau / Médina,Élevé,Moto / Jakarta,247620
52,3,6,Mbour / Saly,Moyen,Particulier (Berline / SUV),188721
60,14,6,Dakar - VDN / Almadies,Élevé,Particulier (Berline / SUV),199839
18,0,6,Kaolack,Moyen,Particulier (Berline / SUV),221488
62,22,4,Dakar - Plateau / Médina,Élevé,Particulier (Berline / SUV),184313
32,14,6,Rufisque,Élevé,Particulier (Berline / SUV),195254
43,5,11,Touba / Mbacké,Moyen,Particulier (Berline / SUV),185964
54,11,7,Touba / Mbacké,Moyen,Moto / Jakarta,186380
38,7,6,Kaolack,Moyen,Particulier (Berline / SUV),159761
66,37,11,Kaolack,Moyen,Particulier (Berline / SUV),180711
48,10,4,Kaolack,Moyen,Taxi Jaune-Noir,200610
42,23,6,Thiès,Moyen,Particulier (Berline / SUV),167960
40,22,7,Saint-Louis,Faible,Particulier (Berline / SUV),154279
41,11,7,Ziguinchor,Faible,Taxi Jaune-Noir,180628
55,37,4,Dakar - VDN / Almadies,Élevé,Particulier (Berline / SUV),190054
45,0,6,Ziguinchor,Faible,Taxi Jaune-Noir,239720
38,11,7,Thiès,Moyen,Particulier (Berline / SUV),170803
60,36,7,Mbour / Saly,Moyen,Transport / Clandos,168503
35,4,7,Touba / Mbacké,Moyen,Moto / Jakarta,204541
53,12,6,Saint-Louis,Faible,Particulier (Berline / SUV),153766
52,31,4,Kaolack,Moyen,Particulier (Berline / SUV),166080
62,34,6,Rufisque,Élevé,Particulier (Berline / SUV),192231
26,4,4,Rufisque,Élevé,Particulier (Berline / SUV),215083
55,11,11,Rufisque,Élevé,Transport / Clandos,215664
47,15,6,Dakar - VDN / Almadies,Élevé,Transport / Clandos,187243
61,2,6,Kaolack,Moyen,Particulier (Berline / SUV),182767
51,5,9,Saint-Louis,Faible,Taxi Jaune-Noir,186413
49,3,6,Touba / Mbacké,Moyen,Particulier (Berline / SUV),199692
20,0,6,Ziguinchor,Faible,Taxi Jaune-Noir,241415
20,2,9,Kaolack,Moyen,Transport / Clandos,203976
45,7,9,Kaolack,Moyen,Taxi Jaune-Noir,213408
61,1,7,Thiès,Moyen,Particulier (Berline / SUV),221459
32,8,4,Mbour / Saly,Moyen,Taxi Jaune-Noir,196852
58,30,7,Rufisque,Élevé,Particulier (Berline / SUV),203056
40,0,9,Dakar - Plateau / Médina,Élevé,Taxi Jaune-Noir,284118
57,21,4,Saint-Louis,Faible,Particulier (Berline / SUV),129964
28,9,6,Thiès,Moyen,Particulier (Berline / SUV),169221
65,12,9,Mbour / Saly,Moyen,Transport / Clandos,179011
49,8,4,Mbour / Saly,Moyen,Moto / Jakarta,179629
53,21,9,Dakar - Keur Massar / Pikine,Très Élevé,Particulier (Berline / SUV),227115
50,11,6,Rufisque,Élevé,Moto / Jakarta,201057
41,10,6,Dakar - Keur Massar / Pikine,Très Élevé,Taxi Jaune-Noir,238564
56,3,4,Thiès,Moyen,Transport / Clandos,177087
51,1,9,Mbour / Saly,Moyen,Moto / Jakarta,250204
45,4,6,Dakar - Plateau / Médina,Élevé,Particulier (Berline / SUV),216763
54,9,7,Saint-Louis,Faible,Transport / Clandos,160257
24,6,7,Dakar - Keur Massar / Pikine,Très Élevé,Particulier (Berline / SUV),206670
21,0,7,Mbour / Saly,Moyen,Particulier (Berline / SUV),226348
54,33,11,Saint-Louis,Faible,Taxi Jaune-Noir,205607
18,0,7,Rufisque,Élevé,Moto / Jakarta,259236
18,0,6,Ziguinchor,Faible,Moto / Jakarta,221057
64,23,11,Saint-Louis,Faible,Taxi Jaune-Noir,213033
37,12,7,Mbour / Saly,Moyen,Taxi Jaune-Noir,213974
36,18,6,Thiès,Moyen,Particulier (Berline / SUV),176514
46,3,4,Dakar - Keur Massar / Pikine,Très Élevé,Camion / Utilitaire,305662
27,5,9,Dakar - Keur Massar / Pikine,Très Élevé,Particulier (Berline / SUV),226979
35,9,6,Touba / Mbacké,Moyen,Transport / Clandos,166804
45,10,7,Mbour / Saly,Moyen,Taxi Jaune-Noir,205823
52,8,6,Touba / Mbacké,Moyen,Taxi Jaune-Noir,210768
60,10,4,Dakar - Plateau / Médina,Élevé,Particulier (Berline / SUV),177586
64,46,7,Dakar - Plateau / Médina,Élevé,Camion / Utilitaire,278875
48,30,4,Mbour / Saly,Moyen,Taxi Jaune-Noir,200028
44,13,6,Dakar - Keur Massar / Pikine,Très Élevé,Moto / Jakarta,225114
28,10,7,Rufisque,Élevé,Particulier (Berline / SUV),189948
66,31,6,Dakar - VDN / Almadies,Élevé,Taxi Jaune-Noir,227742
66,41,7,Dakar - Plateau / Médina,Élevé,Transport / Clandos,203423
55,20,9,Dakar - Keur Massar / Pikine,Très Élevé,Transport / Clandos,234583
22,1,9,Kaolack,Moyen,Moto / Jakarta,241809
25,5,4,Kaolack,Moyen,Particulier (Berline / SUV),159838
51,14,4,Touba / Mbacké,Moyen,Particulier (Berline / SUV),162886
65,42,7,Saint-Louis,Faible,Particulier (Berline / SUV),144710
69,37,11,Rufisque,Élevé,Particulier (Berline / SUV),209302
29,2,9,Touba / Mbacké,Moyen,Camion / Utilitaire,289449
55,24,9,Kaolack,Moyen,Particulier (Berline / SUV),184002
18,0,6,Rufisque,Élevé,Particulier (Berline / SUV),234685
48,23,6,Dakar - VDN / Almadies,Élevé,Particulier (Berline / SUV),185022
21,2,6,Saint-Louis,Faible,Taxi Jaune-Noir,199037
66,8,4,Touba / Mbacké,Moyen,Particulier (Berline / SUV),161922
62,11,4,Kaolack,Moyen,Particulier (Berline / SUV),152261
67,46,11,Dakar - Plateau / Médina,Élevé,Particulier (Berline / SUV),220105
22,0,6,Dakar - Plateau / Médina,Élevé,Particulier (Berline / SUV),239038
47,22,6,Touba / Mbacké,Moyen,Camion / Utilitaire,251619
41,18,4,Dakar - VDN / Almadies,Élevé,Particulier (Berline / SUV),175558
20,1,11,Dakar - VDN / Almadies,Élevé,Taxi Jaune-Noir,301601
28,9,7,Mbour / Saly,Moyen,Camion / Utilitaire,258744
62,2,7,Saint-Louis,Faible,Transport / Clandos,179697
21,1,11,Dakar - Keur Massar / Pikine,Très Élevé,Camion / Utilitaire,373775
43,19,6,Dakar - VDN / Almadies,Élevé,Camion / Utilitaire,280316
44,10,7,Saint-Louis,Faible,Particulier (Berline / SUV),158504
63,39,4,Dakar - VDN / Almadies,Élevé,Taxi Jaune-Noir,220936
60,14,4,Mbour / Saly,Moyen,Particulier (Berline / SUV),156640
44,20,9,Ziguinchor,Faible,Particulier (Berline / SUV),169646
59,36,9,Dakar - VDN / Almadies,Élevé,Transport / Clandos,211845
68,6,6,Saint-Louis,Faible,Taxi Jaune-Noir,185874
67,31,6,Mbour / Saly,Moyen,Transport / Clandos,171420
23,1,7,Mbour / Saly,Moyen,Transport / Clandos,227541
32,5,4,Saint-Louis,Faible,Particulier (Berline / SUV),141661
47,23,6,Saint-Louis,Faible,Moto / Jakarta,157336
59,4,6,Dakar - Plateau / Médina,Élevé,Particulier (Berline / SUV),211729
54,15,6,Ziguinchor,Faible,Particulier (Berline / SUV),153573
54,22,9,Mbour / Saly,Moyen,Moto / Jakarta,189665
59,20,6,Dakar - Plateau / Médina,Élevé,Particulier (Berline / SUV),197884
54,10,4,Rufisque,Élevé,Transport / Clandos,187998
52,5,7,Touba / Mbacké,Moyen,Taxi Jaune-Noir,200739
40,22,9,Touba / Mbacké,Moyen,Particulier (Berline / SUV),187316
23,5,6,Mbour / Saly,Moyen,Transport / Clandos,174338
21,2,4,Dakar - Plateau / Médina,Élevé,Taxi Jaune-Noir,236868
35,14,6,Ziguinchor,Faible,Particulier (Berline / SUV),143967
26,0,7,Ziguinchor,Faible,Particulier (Berline / SUV),206423
66,16,7,Rufisque,Élevé,Moto / Jakarta,217010
46,6,9,Mbour / Saly,Moyen,Particulier (Berline / SUV),171568
30,3,11,Dakar - VDN / Almadies,Élevé,Moto / Jakarta,249639
64,44,9,Rufisque,Élevé,Particulier (Berline / SUV),213818
69,4,7,Dakar - Plateau / Médina,Élevé,Taxi Jaune-Noir,258602
34,11,6,Dakar - VDN / Almadies,Élevé,Moto / Jakarta,200891
62,16,4,Touba / Mbacké,Moyen,Particulier (Berline / SUV),167713
49,6,14,Thiès,Moyen,Taxi Jaune-Noir,241389
65,46,6,Touba / Mbacké,Moyen,Transport / Clandos,160615
39,0,4,Mbour / Saly,Moyen,Transport / Clandos,201960
21,0,7,Saint-Louis,Faible,Taxi Jaune-Noir,238610
22,3,6,Touba / Mbacké,Moyen,Taxi Jaune-Noir,235735
54,28,7,Kaolack,Moyen,Transport / Clandos,170989
58,26,7,Touba / Mbacké,Moyen,Transport / Clandos,162819
66,10,6,Touba / Mbacké,Moyen,Transport / Clandos,174130
30,6,9,Touba / Mbacké,Moyen,Particulier (Berline / SUV),175523
51,31,6,Touba / Mbacké,Moyen,Camion / Utilitaire,240858
62,24,6,Dakar - VDN / Almadies,Élevé,Particulier (Berline / SUV),194172
39,11,7,Dakar - VDN / Almadies,Élevé,Particulier (Berline / SUV),196491
40,17,7,Touba / Mbacké,Moyen,Particulier (Berline / SUV),173770
68,24,9,Dakar - Keur Massar / Pikine,Très Élevé,Particulier (Berline / SUV),225437
20,0,6,Dakar - Keur Massar / Pikine,Très Élevé,Particulier (Berline / SUV),261633
59,30,7,Dakar - VDN / Almadies,Élevé,Particulier (Berline / SUV),202422
51,14,4,Thiès,Moyen,Particulier (Berline / SUV),148916
49,10,11,Saint-Louis,Faible,Taxi Jaune-Noir,199181
62,28,6,Rufisque,Élevé,Particulier (Berline / SUV),186657
68,4,7,Kaolack,Moyen,Particulier (Berline / SUV),205820
66,2,4,Kaolack,Moyen,Particulier (Berline / SUV),186820
38,9,6,Touba / Mbacké,Moyen,Particulier (Berline / SUV),158594
63,1,6,Thiès,Moyen,Particulier (Berline / SUV),216999
61,20,9,Dakar - Keur Massar / Pikine,Très Élevé,Taxi Jaune-Noir,259789
38,8,7,Dakar - Keur Massar / Pikine,Très Élevé,Camion / Utilitaire,293564
61,6,11,Thiès,Moyen,Moto / Jakarta,200499
28,1,6,Saint-Louis,Faible,Moto / Jakarta,218016
56,21,6,Dakar - VDN / Almadies,Élevé,Particulier (Berline / SUV),182068
21,1,4,Saint-Louis,Faible,Particulier (Berline / SUV),182008
68,24,9,Mbour / Saly,Moyen,Particulier (Berline / SUV),188441
18,0,6,Mbour / Saly,Moyen,Transport / Clandos,218424
45,23,9,Dakar - Keur Massar / Pikine,Très Élevé,Particulier (Berline / SUV),217713
41,2,11,Rufisque,Élevé,Taxi Jaune-Noir,265964
52,5,11,Mbour / Saly,Moyen,Particulier (Berline / SUV),193183
30,5,7,Dakar - Keur Massar / Pikine,Très Élevé,Particulier (Berline / SUV),222267
64,38,7,Touba / Mbacké,Moyen,Camion / Utilitaire,260278
51,30,9,Ziguinchor,Faible,Transport / Clandos,160648
28,0,4,Ziguinchor,Faible,Transport / Clandos,196538
53,27,7,Dakar - Plateau / Médina,Élevé,Taxi Jaune-Noir,236323
68,41,4,Touba / Mbacké,Moyen,Moto / Jakarta,174069
34,5,6,Ziguinchor,Faible,Taxi Jaune-Noir,184363
52,27,4,Saint-Louis,Faible,Moto / Jakarta,158572
35,5,4,Dakar - Plateau / Médina,Élevé,Particulier (Berline / SUV),192847
57,3,6,Dakar - Keur Massar / Pikine,Très Élevé,Taxi Jaune-Noir,266351
39,3,6,Thiès,Moyen,Taxi Jaune-Noir,221539
41,10,7,Thiès,Moyen,Particulier (Berline / SUV),178040
36,6,4,Dakar - Keur Massar / Pikine,Très Élevé,Moto / Jakarta,223103
54,12,7,Rufisque,Élevé,Camion / Utilitaire,281243
56,26,4,Dakar - Keur Massar / Pikine,Très Élevé,Particulier (Berline / SUV),207715
38,17,7,Dakar - VDN / Almadies,Élevé,Particulier (Berline / SUV),191381
25,4,7,Thiès,Moyen,Particulier (Berline / SUV),197156
45,21,7,Ziguinchor,Faible,Moto / Jakarta,159426
22,2,7,Kaolack,Moyen,Taxi Jaune-Noir,234922
34,9,6,Dakar - Plateau / Médina,Élevé,Particulier (Berline / SUV),194688
54,15,9,Rufisque,Élevé,Taxi Jaune-Noir,238129
53,6,6,Mbour / Saly,Moyen,Particulier (Berline / SUV),169956
36,1,6,Touba / Mbacké,Moyen,Transport / Clandos,218108
44,12,7,Rufisque,Élevé,Particulier (Berline / SUV),204227
51,31,4,Mbour / Saly,Moyen,Particulier (Berline / SUV),149501
28,2,7,Rufisque,Élevé,Transport / Clandos,226019
62,3,7,Kaolack,Moyen,Particulier (Berline / SUV),195589
64,23,6,Rufisque,Élevé,Particulier (Berline / SUV),184900
29,0,4,Ziguinchor,Faible,Particulier (Berline / SUV),183426
38,13,4,Dakar - Keur Massar / Pikine,Très Élevé,Particulier (Berline / SUV),193812
28,1,11,Dakar - VDN / Almadies,Élevé,Particulier (Berline / SUV),273243
56,18,7,Dakar - Plateau / Médina,Élevé,Camion / Utilitaire,276620
45,26,4,Thiès,Moyen,Transport / Clandos,166384
22,4,6,Mbour / Saly,Moyen,Moto / Jakarta,201056
34,15,7,Dakar - Plateau / Médina,Élevé,Moto / Jakarta,219828
37,6,9,Rufisque,Élevé,Particulier (Berline / SUV),198290
58,6,4,Dakar - Keur Massar / Pikine,Très Élevé,Particulier (Berline / SUV),199305
63,1,6,Dakar - Plateau / Médina,Élevé,Particulier (Berline / SUV),249754
29,3,9,Dakar - Keur Massar / Pikine,Très Élevé,Transport / Clandos,259402
23,1,4,Mbour / Saly,Moyen,Taxi Jaune-Noir,234732
34,9,6,Ziguinchor,Faible,Particulier (Berline / SUV),155685
68,5,11,Ziguinchor,Faible,Particulier (Berline / SUV),176596
36,15,7,Dakar - Keur Massar / Pikine,Très Élevé,Taxi Jaune-Noir,247706
43,3,6,Dakar - Keur Massar / Pikine,Très Élevé,Taxi Jaune-Noir,277592
65,19,4,Dakar - VDN / Almadies,Élevé,Moto / Jakarta,204470
61,25,4,Touba / Mbacké,Moyen,Particulier (Berline / SUV),148611
61,30,6,Dakar - VDN / Almadies,Élevé,Moto / Jakarta,200941
69,31,9,Dakar - Plateau / Médina,Élevé,Particulier (Berline / SUV),212927
49,16,6,Saint-Louis,Faible,Transport / Clandos,142889
23,0,7,Dakar - VDN / Almadies,Élevé,Moto / Jakarta,252121
53,34,11,Dakar - Plateau / Médina,Élevé,Moto / Jakarta,228509
55,24,6,Thiès,Moyen,Particulier (Berline / SUV),163743
28,2,4,Dakar - Plateau / Médina,Élevé,Particulier (Berline / SUV),206037
50,23,7,Dakar - Plateau / Médina,Élevé,Particulier (Berline / SUV),205490
41,12,11,Dakar - Keur Massar / Pikine,Très Élevé,Particulier (Berline / SUV),239056
40,11,9,Kaolack,Moyen,Taxi Jaune-Noir,208273
32,2,4,Rufisque,Élevé,Moto / Jakarta,230483
44,14,7,Dakar - Keur Massar / Pikine,Très Élevé,Particulier (Berline / SUV),226385
28,0,7,Dakar - Keur Massar / Pikine,Très Élevé,Particulier (Berline / SUV),266999
68,16,11,Kaolack,Moyen,Particulier (Berline / SUV),192666
67,28,4,Kaolack,Moyen,Moto / Jakarta,182296
34,14,7,Rufisque,Élevé,Camion / Utilitaire,267974
68,16,9,Saint-Louis,Faible,Particulier (Berline / SUV),166604
31,3,6,Thiès,Moyen,Particulier (Berline / SUV),182762
44,26,6,Dakar - VDN / Almadies,Élevé,Transport / Clandos,193139
35,8,4,Dakar - Plateau / Médina,Élevé,Taxi Jaune-Noir,222320
45,18,6,Dakar - VDN / Almadies,Élevé,Particulier (Berline / SUV),187914
68,3,6,Ziguinchor,Faible,Moto / Jakarta,190596
64,9,11,Mbour / Saly,Moyen,Camion / Utilitaire,260288
64,44,6,Saint-Louis,Faible,Taxi Jaune-Noir,189298
21,0,6,Mbour / Saly,Moyen,Taxi Jaune-Noir,252399
24,0,7,Dakar - Plateau / Médina,Élevé,Particulier (Berline / SUV),249017
62,42,4,Kaolack,Moyen,Taxi Jaune-Noir,191427
52,22,6,Dakar - Plateau / Médina,Élevé,Particulier (Berline / SUV),184982
65,34,7,Thiès,Moyen,Particulier (Berline / SUV),165256
26,6,9,Dakar - VDN / Almadies,Élevé,Particulier (Berline / SUV),198754
25,3,7,Rufisque,Élevé,Particulier (Berline / SUV),229253
69,35,7,Touba / Mbacké,Moyen,Particulier (Berline / SUV),167010
62,3,4,Touba / Mbacké,Moyen,Taxi Jaune-Noir,217350
34,12,11,Rufisque,Élevé,Taxi Jaune-Noir,244219
34,16,4,Kaolack,Moyen,Taxi Jaune-Noir,188985
66,26,9,Touba / Mbacké,Moyen,Particulier (Berline / SUV),178874
50,30,6,Kaolack,Moyen,Particulier (Berline / SUV),159936
49,15,11,Dakar - Keur Massar / Pikine,Très Élevé,Transport / Clandos,229553
25,7,7,Thiès,Moyen,Particulier (Berline / SUV),171553
36,9,9,Saint-Louis,Faible,Camion / Utilitaire,243845
55,5,6,Dakar - VDN / Almadies,Élevé,Particulier (Berline / SUV),187544
20,1,6,Dakar - VDN / Almadies,Élevé,Taxi Jaune-Noir,268930
22,0,7,Saint-Louis,Faible,Particulier (Berline / SUV),202159
30,8,9,Dakar - Plateau / Médina,Élevé,Taxi Jaune-Noir,236446
64,36,4,Dakar - Plateau / Médina,Élevé,Moto / Jakarta,188890
63,33,11,Mbour / Saly,Moyen,Moto / Jakarta,196416
48,25,9,Dakar - Plateau / Médina,Élevé,Camion / Utilitaire,285265
33,4,6,Kaolack,Moyen,Particulier (Berline / SUV),194777
67,7,9,Rufisque,Élevé,Taxi Jaune-Noir,233735
49,28,7,Dakar - Keur Massar / Pikine,Très Élevé,Particulier (Berline / SUV),216987
39,5,6,Saint-Louis,Faible,Taxi Jaune-Noir,176668
46,5,6,Kaolack,Moyen,Particulier (Berline / SUV),170527
39,6,7,Kaolack,Moyen,Moto / Jakarta,187123
60,12,7,Mbour / Saly,Moyen,Moto / Jakarta,184951
20,0,6,Kaolack,Moyen,Particulier (Berline / SUV),219304
27,0,7,Thiès,Moyen,Particulier (Berline / SUV),215463
59,27,7,Dakar - Plateau / Médina,Élevé,Particulier (Berline / SUV),188199
38,2,7,Dakar - VDN / Almadies,Élevé,Taxi Jaune-Noir,253137
33,13,4,Thiès,Moyen,Particulier (Berline / SUV),155851
29,3,9,Dakar - Keur Massar / Pikine,Très Élevé,Moto / Jakarta,275062
19,0,6,Dakar - Keur Massar / Pikine,Très Élevé,Taxi Jaune-Noir,306203
58,38,6,Dakar - Keur Massar / Pikine,Très Élevé,Taxi Jaune-Noir,244749
41,8,6,Dakar - Plateau / Médina,Élevé,Taxi Jaune-Noir,233153
52,20,6,Kaolack,Moyen,Particulier (Berline / SUV),173666
47,29,9,Dakar - Keur Massar / Pikine,Très Élevé,Moto / Jakarta,247028
47,23,6,Saint-Louis,Faible,Taxi Jaune-Noir,184617
64,4,7,Dakar - VDN / Almadies,Élevé,Camion / Utilitaire,295270
52,5,4,Kaolack,Moyen,Taxi Jaune-Noir,191824
36,12,6,Mbour / Saly,Moyen,Transport / Clandos,158986
67,35,14,Dakar - Plateau / Médina,Élevé,Particulier (Berline / SUV),228431
25,6,9,Rufisque,Élevé,Taxi Jaune-Noir,245731
43,17,6,Thiès,Moyen,Transport / Clandos,175124
66,20,7,Ziguinchor,Faible,Transport / Clandos,154839
57,17,6,Thiès,Moyen,Transport / Clandos,159144
24,4,6,Dakar - Keur Massar / Pikine,Très Élevé,Particulier (Berline / SUV),242865
47,14,9,Dakar - VDN / Almadies,Élevé,Camion / Utilitaire,276447
24,6,9,Mbour / Saly,Moyen,Camion / Utilitaire,263852
20,0,6,Kaolack,Moyen,Particulier (Berline / SUV),214659
18,0,11,Saint-Louis,Faible,Moto / Jakarta,225110
53,7,7,Touba / Mbacké,Moyen,Particulier (Berline / SUV),170319
42,13,6,Thiès,Moyen,Taxi Jaune-Noir,210155
54,9,7,Touba / Mbacké,Moyen,Particulier (Berline / SUV),180707
18,0,7,Kaolack,Moyen,Camion / Utilitaire,294826
32,9,7,Dakar - VDN / Almadies,Élevé,Particulier (Berline / SUV),194571
54,6,6,Touba / Mbacké,Moyen,Particulier (Berline / SUV),175176
30,1,7,Thiès,Moyen,Particulier (Berline / SUV),215614
57,36,4,Rufisque,Élevé,Particulier (Berline / SUV),182981
25,1,9,Ziguinchor,Faible,Taxi Jaune-Noir,254120
22,2,7,Touba / Mbacké,Moyen,Particulier (Berline / SUV),199828
26,8,4,Rufisque,Élevé,Transport / Clandos,187613
18,0,9,Rufisque,Élevé,Camion / Utilitaire,328249
53,26,11,Dakar - Keur Massar / Pikine,Très Élevé,Transport / Clandos,240898
52,16,11,Ziguinchor,Faible,Moto / Jakarta,181166
19,1,6,Saint-Louis,Faible,Particulier (Berline / SUV),191665
57,31,4,Thiès,Moyen,Particulier (Berline / SUV),160232
40,18,7,Mbour / Saly,Moyen,Taxi Jaune-Noir,214209
26,7,4,Kaolack,Moyen,Particulier (Berline / SUV),153511
51,2,11,Mbour / Saly,Moyen,Moto / Jakarta,227533
63,11,4,Touba / Mbacké,Moyen,Particulier (Berline / SUV),165613
31,4,6,Ziguinchor,Faible,Moto / Jakarta,190885
21,3,6,Touba / Mbacké,Moyen,Particulier (Berline / SUV),200191
47,4,6,Ziguinchor,Faible,Transport / Clandos,176802
48,19,9,Thiès,Moyen,Particulier (Berline / SUV),171869
55,25,6,Kaolack,Moyen,Particulier (Berline / SUV),157032
28,0,4,Kaolack,Moyen,Transport / Clandos,213225
52,25,6,Thiès,Moyen,Particulier (Berline / SUV),166478
25,5,7,Saint-Louis,Faible,Transport / Clandos,146984
20,2,4,Rufisque,Élevé,Taxi Jaune-Noir,233017
31,3,7,Ziguinchor,Faible,Particulier (Berline / SUV),168471
30,0,7,Dakar - Plateau / Médina,Élevé,Moto / Jakarta,267300
62,30,7,Dakar - Plateau / Médina,Élevé,Particulier (Berline / SUV),195455
49,17,11,Rufisque,Élevé,Transport / Clandos,224090
51,23,11,Touba / Mbacké,Moyen,Taxi Jaune-Noir,222721
62,1,11,Ziguinchor,Faible,Taxi Jaune-Noir,256956
36,10,6,Dakar - VDN / Almadies,Élevé,Particulier (Berline / SUV),193515
55,19,4,Kaolack,Moyen,Particulier (Berline / SUV),154971
33,9,6,Mbour / Saly,Moyen,Taxi Jaune-Noir,211174
19,1,9,Dakar - VDN / Almadies,Élevé,Particulier (Berline / SUV),262222
57,31,14,Mbour / Saly,Moyen,Particulier (Berline / SUV),202218
34,3,9,Kaolack,Moyen,Taxi Jaune-Noir,231990
51,14,4,Dakar - Plateau / Médina,Élevé,Taxi Jaune-Noir,213289
59,8,11,Thiès,Moyen,Particulier (Berline / SUV),197001
33,9,6,Saint-Louis,Faible,Particulier (Berline / SUV),155451
55,28,4,Dakar - Keur Massar / Pikine,Très Élevé,Particulier (Berline / SUV),195291
19,1,6,Touba / Mbacké,Moyen,Particulier (Berline / SUV),216851
19,1,4,Rufisque,Élevé,Particulier (Berline / SUV),225939
43,23,7,Dakar - Plateau / Médina,Élevé,Particulier (Berline / SUV),199453
30,6,6,Thiès,Moyen,Camion / Utilitaire,241029
64,38,6,Thiès,Moyen,Transport / Clandos,161576
48,20,7,Mbour / Saly,Moyen,Particulier (Berline / SUV),179734
51,5,9,Thiès,Moyen,Particulier (Berline / SUV),179657
56,12,7,Ziguinchor,Faible,Transport / Clandos,155654
20,1,6,Touba / Mbacké,Moyen,Particulier (Berline / SUV),213909
25,3,9,Dakar - Keur Massar / Pikine,Très Élevé,Transport / Clandos,257041
40,13,11,Dakar - Plateau / Médina,Élevé,Moto / Jakarta,229930
31,11,4,Ziguinchor,Faible,Taxi Jaune-Noir,174227
44,15,7,Dakar - Plateau / Médina,Élevé,Particulier (Berline / SUV),195064
46,24,6,Saint-Louis,Faible,Transport / Clandos,151834
56,33,4,Dakar - Keur Massar / Pikine,Très Élevé,Camion / Utilitaire,281946
56,23,7,Thiès,Moyen,Taxi Jaune-Noir,204558
18,0,9,Saint-Louis,Faible,Taxi Jaune-Noir,246039
34,16,4,Mbour / Saly,Moyen,Particulier (Berline / SUV),159194
58,10,9,Saint-Louis,Faible,Particulier (Berline / SUV),157401
47,2,9,Dakar - VDN / Almadies,Élevé,Transport / Clandos,235566
30,4,11,Mbour / Saly,Moyen,Moto / Jakarta,239144
38,16,6,Dakar - Keur Massar / Pikine,Très Élevé,Taxi Jaune-Noir,247762
36,12,11,Touba / Mbacké,Moyen,Transport / Clandos,180020
36,4,6,Dakar - VDN / Almadies,Élevé,Particulier (Berline / SUV),211381
42,24,7,Dakar - Plateau / Médina,Élevé,Particulier (Berline / SUV),186567
39,16,4,Rufisque,Élevé,Taxi Jaune-Noir,227948
48,28,4,Rufisque,Élevé,Particulier (Berline / SUV),188614
34,0,7,Dakar - VDN / Almadies,Élevé,Taxi Jaune-Noir,271640
40,5,6,Touba / Mbacké,Moyen,Particulier (Berline / SUV),157313
49,12,6,Ziguinchor,Faible,Transport / Clandos,142686
27,3,4,Rufisque,Élevé,Transport / Clandos,211538
27,0,7,Dakar - VDN / Almadies,Élevé,Particulier (Berline / SUV),254712
53,15,4,Dakar - Keur Massar / Pikine,Très Élevé,Particulier (Berline / SUV),209022
25,0,9,Kaolack,Moyen,Taxi Jaune-Noir,268370
69,29,4,Touba / Mbacké,Moyen,Camion / Utilitaire,245633
37,1,4,Touba / Mbacké,Moyen,Taxi Jaune-Noir,235659
49,23,6,Ziguinchor,Faible,Particulier (Berline / SUV),139540
67,45,6,Mbour / Saly,Moyen,Particulier (Berline / SUV),174650
31,3,6,Thiès,Moyen,Particulier (Berline / SUV),183014
67,17,6,Rufisque,Élevé,Particulier (Berline / SUV),196587
45,11,11,Thiès,Moyen,Transport / Clandos,183544
63,29,7,Thiès,Moyen,Transport / Clandos,173066
69,32,4,Dakar - Keur Massar / Pikine,Très Élevé,Particulier (Berline / SUV),205333
41,12,6,Dakar - Plateau / Médina,Élevé,Particulier (Berline / SUV),201703
32,10,9,Thiès,Moyen,Particulier (Berline / SUV),182229
39,3,6,Touba / Mbacké,Moyen,Moto / Jakarta,209673
47,21,4,Ziguinchor,Faible,Taxi Jaune-Noir,168806
21,0,9,Ziguinchor,Faible,Taxi Jaune-Noir,235776
30,3,7,Kaolack,Moyen,Particulier (Berline / SUV),190588
40,11,7,Dakar - Plateau / Médina,Élevé,Taxi Jaune-Noir,236661
25,7,4,Mbour / Saly,Moyen,Particulier (Berline / SUV),160139
35,14,4,Touba / Mbacké,Moyen,Particulier (Berline / SUV),154323
29,2,7,Touba / Mbacké,Moyen,Taxi Jaune-Noir,236067
48,30,6,Kaolack,Moyen,Taxi Jaune-Noir,192306
31,13,7,Saint-Louis,Faible,Particulier (Berline / SUV),148758
51,30,7,Kaolack,Moyen,Particulier (Berline / SUV),162148
35,17,6,Thiès,Moyen,Particulier (Berline / SUV),166212
51,22,11,Dakar - VDN / Almadies,Élevé,Particulier (Berline / SUV),216225
28,5,9,Ziguinchor,Faible,Taxi Jaune-Noir,191775
58,10,7,Kaolack,Moyen,Moto / Jakarta,179448
29,4,4,Thiès,Moyen,Particulier (Berline / SUV),182934
66,47,4,Rufisque,Élevé,Particulier (Berline / SUV),180246
32,13,6,Dakar - Plateau / Médina,Élevé,Particulier (Berline / SUV),189676
48,22,4,Touba / Mbacké,Moyen,Taxi Jaune-Noir,199181
66,5,14,Saint-Louis,Faible,Particulier (Berline / SUV),184894
46,9,4,Dakar - Plateau / Médina,Élevé,Transport / Clandos,174205
43,0,6,Thiès,Moyen,Particulier (Berline / SUV),216199
35,12,6,Mbour / Saly,Moyen,Taxi Jaune-Noir,208149
49,3,7,Rufisque,Élevé,Moto / Jakarta,246358
39,5,4,Thiès,Moyen,Moto / Jakarta,169851
55,36,6,Dakar - VDN / Almadies,Élevé,Camion / Utilitaire,262233
34,6,6,Dakar - Keur Massar / Pikine,Très Élevé,Transport / Clandos,208425
40,7,9,Thiès,Moyen,Moto / Jakarta,198478
41,20,4,Kaolack,Moyen,Particulier (Berline / SUV),151635
67,14,11,Thiès,Moyen,Particulier (Berline / SUV),188588
25,3,9,Kaolack,Moyen,Particulier (Berline / SUV),214148
58,17,6,Mbour / Saly,Moyen,Transport / Clandos,173394
23,5,9,Touba / Mbacké,Moyen,Moto / Jakarta,201687
22,3,4,Ziguinchor,Faible,Particulier (Berline / SUV),158586
61,32,11,Dakar - Keur Massar / Pikine,Très Élevé,Taxi Jaune-Noir,277580
46,0,7,Mbour / Saly,Moyen,Transport / Clandos,217849
45,27,6,Kaolack,Moyen,Moto / Jakarta,190537
28,10,6,Ziguinchor,Faible,Taxi Jaune-Noir,191758
18,0,4,Dakar - VDN / Almadies,Élevé,Camion / Utilitaire,321518
60,30,14,Dakar - Plateau / Médina,Élevé,Particulier (Berline / SUV),223751
36,4,4,Dakar - Keur Massar / Pikine,Très Élevé,Particulier (Berline / SUV),220141
26,2,7,Saint-Louis,Faible,Taxi Jaune-Noir,220772
44,19,6,Mbour / Saly,Moyen,Particulier (Berline / SUV),161202
51,0,11,Dakar - Plateau / Médina,Élevé,Particulier (Berline / SUV),256631
61,14,6,Dakar - Plateau / Médina,Élevé,Transport / Clandos,186175
21,2,7,Thiès,Moyen,Transport / Clandos,195007
53,19,6,Thiès,Moyen,Transport / Clandos,175674
35,8,7,Saint-Louis,Faible,Particulier (Berline / SUV),148969
32,6,4,Saint-Louis,Faible,Taxi Jaune-Noir,180140
68,24,4,Kaolack,Moyen,Particulier (Berline / SUV),156989
30,5,6,Saint-Louis,Faible,Particulier (Berline / SUV),143286
36,14,7,Dakar - Plateau / Médina,Élevé,Taxi Jaune-Noir,222257
66,16,4,Kaolack,Moyen,Particulier (Berline / SUV),165463
23,1,7,Ziguinchor,Faible,Particulier (Berline / SUV),199787
65,29,6,Touba / Mbacké,Moyen,Transport / Clandos,175353
29,4,9,Touba / Mbacké,Moyen,Particulier (Berline / SUV),210374
68,43,11,Touba / Mbacké,Moyen,Camion / Utilitaire,259564
54,33,7,Dakar - Keur Massar / Pikine,Très Élevé,Taxi Jaune-Noir,255495
34,12,6,Dakar - Keur Massar / Pikine,Très Élevé,Camion / Utilitaire,283699
40,18,6,Saint-Louis,Faible,Particulier (Berline / SUV),147584
43,3,4,Touba / Mbacké,Moyen,Taxi Jaune-Noir,222173
46,0,6,Dakar - VDN / Almadies,Élevé,Particulier (Berline / SUV),245332
50,32,7,Thiès,Moyen,Transport / Clandos,170479
44,21,7,Dakar - VDN / Almadies,Élevé,Particulier (Berline / SUV),190488
42,11,11,Touba / Mbacké,Moyen,Particulier (Berline / SUV),196483
27,8,6,Touba / Mbacké,Moyen,Moto / Jakarta,187289
64,41,7,Thiès,Moyen,Particulier (Berline / SUV),177738
40,19,6,Touba / Mbacké,Moyen,Particulier (Berline / SUV),168844
38,19,7,Mbour / Saly,Moyen,Particulier (Berline / SUV),178449
38,9,6,Dakar - Plateau / Médina,Élevé,Taxi Jaune-Noir,218424
60,19,6,Kaolack,Moyen,Particulier (Berline / SUV),164357
30,10,6,Thiès,Moyen,Particulier (Berline / SUV),158538
54,6,7,Touba / Mbacké,Moyen,Particulier (Berline / SUV),170607
50,30,11,Dakar - Keur Massar / Pikine,Très Élevé,Taxi Jaune-Noir,273264
41,2,6,Dakar - Keur Massar / Pikine,Très Élevé,Transport / Clandos,244446
61,21,4,Dakar - Plateau / Médina,Élevé,Particulier (Berline / SUV),187708
28,4,6,Dakar - Keur Massar / Pikine,Très Élevé,Particulier (Berline / SUV),237362
34,10,7,Kaolack,Moyen,Particulier (Berline / SUV),161669
21,2,4,Rufisque,Élevé,Particulier (Berline / SUV),210840
64,16,9,Rufisque,Élevé,Particulier (Berline / SUV),201876
42,20,14,Rufisque,Élevé,Particulier (Berline / SUV),228967
47,22,11,Dakar - Plateau / Médina,Élevé,Taxi Jaune-Noir,242180
26,4,4,Dakar - Plateau / Médina,Élevé,Moto / Jakarta,231737
38,6,9,Kaolack,Moyen,Particulier (Berline / SUV),171331
37,4,7,Thiès,Moyen,Taxi Jaune-Noir,228893
36,16,6,Saint-Louis,Faible,Taxi Jaune-Noir,185887
36,7,7,Rufisque,Élevé,Taxi Jaune-Noir,223939
29,0,9,Dakar - Keur Massar / Pikine,Très Élevé,Moto / Jakarta,288691
54,25,6,Dakar - VDN / Almadies,Élevé,Particulier (Berline / SUV),188451
59,20,6,Saint-Louis,Faible,Particulier (Berline / SUV),142389
34,4,6,Kaolack,Moyen,Taxi Jaune-Noir,227788
54,1,7,Thiès,Moyen,Particulier (Berline / SUV),221684
65,41,4,Dakar - Keur Massar / Pikine,Très Élevé,Particulier (Berline / SUV),195059
56,31,11,Touba / Mbacké,Moyen,Particulier (Berline / SUV),182669
45,9,7,Thiès,Moyen,Particulier (Berline / SUV),162413
58,16,7,Rufisque,Élevé,Taxi Jaune-Noir,237227
52,26,4,Rufisque,Élevé,Particulier (Berline / SUV),187154
64,25,7,Touba / Mbacké,Moyen,Particulier (Berline / SUV),162287
65,24,4,Kaolack,Moyen,Particulier (Berline / SUV),167416
35,1,4,Ziguinchor,Faible,Particulier (Berline / SUV),188954
31,9,7,Thiès,Moyen,Camion / Utilitaire,249705
52,12,6,Touba / Mbacké,Moyen,Particulier (Berline / SUV),165098
61,21,7,Kaolack,Moyen,Camion / Utilitaire,245033
58,14,4,Kaolack,Moyen,Taxi Jaune-Noir,198518
24,5,6,Dakar - Plateau / Médina,Élevé,Transport / Clandos,189810
58,34,4,Thiès,Moyen,Particulier (Berline / SUV),159167
30,10,14,Dakar - Keur Massar / Pikine,Très Élevé,Particulier (Berline / SUV),239783
35,15,7,Ziguinchor,Faible,Moto / Jakarta,167431
54,22,7,Mbour / Saly,Moyen,Moto / Jakarta,193528
30,8,6,Dakar - VDN / Almadies,Élevé,Particulier (Berline / SUV),189757
53,19,4,Thiès,Moyen,Particulier (Berline / SUV),150389
48,27,14,Saint-Louis,Faible,Particulier (Berline / SUV),192659
19,0,6,Kaolack,Moyen,Moto / Jakarta,236369
33,5,6,Dakar - Plateau / Médina,Élevé,Particulier (Berline / SUV),185134
26,4,7,Touba / Mbacké,Moyen,Taxi Jaune-Noir,236129
26,1,4,Rufisque,Élevé,Transport / Clandos,241970
55,30,9,Touba / Mbacké,Moyen,Transport / Clandos,174590
28,2,7,Touba / Mbacké,Moyen,Taxi Jaune-Noir,224302
39,8,6,Ziguinchor,Faible,Particulier (Berline / SUV),138988
50,11,4,Thiès,Moyen,Camion / Utilitaire,229092
53,21,4,Touba / Mbacké,Moyen,Taxi Jaune-Noir,195366
62,41,9,Ziguinchor,Faible,Transport / Clandos,160765
40,2,7,Mbour / Saly,Moyen,Particulier (Berline / SUV),188630
62,14,6,Dakar - Keur Massar / Pikine,Très Élevé,Taxi Jaune-Noir,241179
62,22,4,Mbour / Saly,Moyen,Particulier (Berline / SUV),150031
51,14,7,Thiès,Moyen,Particulier (Berline / SUV),175980
26,4,7,Rufisque,Élevé,Transport / Clandos,213295
41,13,6,Mbour / Saly,Moyen,Taxi Jaune-Noir,201878
25,5,6,Ziguinchor,Faible,Taxi Jaune-Noir,186150
24,2,6,Ziguinchor,Faible,Particulier (Berline / SUV),164155
53,16,7,Dakar - VDN / Almadies,Élevé,Taxi Jaune-Noir,224836
35,9,14,Kaolack,Moyen,Particulier (Berline / SUV),194828
20,1,4,Saint-Louis,Faible,Taxi Jaune-Noir,231325
45,27,7,Saint-Louis,Faible,Particulier (Berline / SUV),143210
23,0,6,Thiès,Moyen,Transport / Clandos,216663
61,30,6,Kaolack,Moyen,Transport / Clandos,169499
61,3,6,Dakar - VDN / Almadies,Élevé,Particulier (Berline / SUV),220162
38,20,9,Dakar - Plateau / Médina,Élevé,Particulier (Berline / SUV),198640
45,18,6,Touba / Mbacké,Moyen,Taxi Jaune-Noir,205471
57,37,7,Mbour / Saly,Moyen,Taxi Jaune-Noir,204138
18,0,6,Kaolack,Moyen,Transport / Clandos,226646
53,30,4,Touba / Mbacké,Moyen,Taxi Jaune-Noir,183347
38,6,4,Dakar - Plateau / Médina,Élevé,Particulier (Berline / SUV),187857
60,32,7,Rufisque,Élevé,Particulier (Berline / SUV),199080
52,7,4,Dakar - VDN / Almadies,Élevé,Particulier (Berline / SUV),188211
30,10,7,Touba / Mbacké,Moyen,Particulier (Berline / SUV),175528
66,24,6,Dakar - VDN / Almadies,Élevé,Taxi Jaune-Noir,220318
27,8,6,Dakar - VDN / Almadies,Élevé,Particulier (Berline / SUV),193128
61,19,6,Kaolack,Moyen,Moto / Jakarta,172851
64,26,6,Ziguinchor,Faible,Transport / Clandos,151879
27,0,4,Dakar - Keur Massar / Pikine,Très Élevé,Moto / Jakarta,274948
63,9,6,Thiès,Moyen,Moto / Jakarta,182754
30,2,7,Saint-Louis,Faible,Particulier (Berline / SUV),185761
54,12,7,Dakar - VDN / Almadies,Élevé,Transport / Clandos,192807
55,21,6,Kaolack,Moyen,Particulier (Berline / SUV),160539
41,13,6,Kaolack,Moyen,Particulier (Berline / SUV),160364
19,1,4,Touba / Mbacké,Moyen,Transport / Clandos,198402
39,4,6,Touba / Mbacké,Moyen,Particulier (Berline / SUV),201502
34,10,4,Mbour / Saly,Moyen,Camion / Utilitaire,230213
53,11,9,Dakar - VDN / Almadies,Élevé,Taxi Jaune-Noir,249927
31,12,6,Dakar - Keur Massar / Pikine,Très Élevé,Transport / Clandos,208344
27,1,6,Thiès,Moyen,Particulier (Berline / SUV),225783
52,31,6,Thiès,Moyen,Taxi Jaune-Noir,196128
42,10,4,Rufisque,Élevé,Particulier (Berline / SUV),189675
20,2,7,Rufisque,Élevé,Transport / Clandos,219897
64,11,4,Mbour / Saly,Moyen,Particulier (Berline / SUV),159645
55,20,4,Saint-Louis,Faible,Taxi Jaune-Noir,176795
34,1,7,Rufisque,Élevé,Particulier (Berline / SUV),252274
29,0,6,Dakar - Plateau / Médina,Élevé,Particulier (Berline / SUV),246569
69,28,7,Mbour / Saly,Moyen,Particulier (Berline / SUV),167592
41,8,7,Thiès,Moyen,Particulier (Berline / SUV),169467
46,6,6,Thiès,Moyen,Transport / Clandos,161511
60,10,7,Dakar - Keur Massar / Pikine,Très Élevé,Particulier (Berline / SUV),207944
42,18,4,Kaolack,Moyen,Particulier (Berline / SUV),149982
53,10,7,Dakar - Plateau / Médina,Élevé,Taxi Jaune-Noir,225683
43,15,6,Saint-Louis,Faible,Particulier (Berline / SUV),147212
55,5,6,Touba / Mbacké,Moyen,Particulier (Berline / SUV),176153
18,0,7,Mbour / Saly,Moyen,Transport / Clandos,225781
37,19,9,Rufisque,Élevé,Particulier (Berline / SUV),212314
45,13,14,Ziguinchor,Faible,Particulier (Berline / SUV),184722
33,13,7,Dakar - Keur Massar / Pikine,Très Élevé,Particulier (Berline / SUV),216697
64,25,6,Thiès,Moyen,Particulier (Berline / SUV),176125
34,13,6,Ziguinchor,Faible,Taxi Jaune-Noir,189732
57,30,6,Mbour / Saly,Moyen,Particulier (Berline / SUV),161771
45,12,6,Dakar - VDN / Almadies,Élevé,Transport / Clandos,186830
29,0,6,Saint-Louis,Faible,Particulier (Berline / SUV),202385
44,1,11,Dakar - VDN / Almadies,Élevé,Particulier (Berline / SUV),264614
59,34,6,Mbour / Saly,Moyen,Particulier (Berline / SUV),176769
64,12,6,Dakar - VDN / Almadies,Élevé,Taxi Jaune-Noir,228236
47,23,6,Saint-Louis,Faible,Camion / Utilitaire,226537
58,23,9,Kaolack,Moyen,Taxi Jaune-Noir,217585
51,0,7,Mbour / Saly,Moyen,Camion / Utilitaire,291764
54,20,7,Ziguinchor,Faible,Particulier (Berline / SUV),158463
23,4,6,Dakar - VDN / Almadies,Élevé,Particulier (Berline / SUV),226216
24,1,9,Saint-Louis,Faible,Particulier (Berline / SUV),205238
49,1,4,Rufisque,Élevé,Particulier (Berline / SUV),224878
49,0,9,Touba / Mbacké,Moyen,Particulier (Berline / SUV),228278
42,20,7,Saint-Louis,Faible,Particulier (Berline / SUV),158116
50,15,6,Dakar - Keur Massar / Pikine,Très Élevé,Particulier (Berline / SUV),220332
24,1,6,Touba / Mbacké,Moyen,Particulier (Berline / SUV),208789
69,44,7,Rufisque,Élevé,Particulier (Berline / SUV),200330
29,5,4,Dakar - Plateau / Médina,Élevé,Particulier (Berline / SUV),184266
33,9,9,Ziguinchor,Faible,Moto / Jakarta,171903
33,4,6,Thiès,Moyen,Particulier (Berline / SUV),188565
60,6,6,Rufisque,Élevé,Transport / Clandos,188594
53,24,4,Kaolack,Moyen,Taxi Jaune-Noir,185241
30,8,6,Touba / Mbacké,Moyen,Particulier (Berline / SUV),168191
24,4,6,Kaolack,Moyen,Particulier (Berline / SUV),188204
53,19,6,Touba / Mbacké,Moyen,Particulier (Berline / SUV),172588
64,10,7,Dakar - Keur Massar / Pikine,Très Élevé,Taxi Jaune-Noir,256815
68,4,6,Dakar - Plateau / Médina,Élevé,Particulier (Berline / SUV),226653
26,0,11,Thiès,Moyen,Particulier (Berline / SUV),240350
49,19,7,Dakar - Keur Massar / Pikine,Très Élevé,Particulier (Berline / SUV),225453
28,4,9,Rufisque,Élevé,Moto / Jakarta,254049
25,7,4,Kaolack,Moyen,Particulier (Berline / SUV),158998
50,21,6,Touba / Mbacké,Moyen,Taxi Jaune-Noir,201818
40,13,6,Rufisque,Élevé,Particulier (Berline / SUV),195719
42,21,7,Saint-Louis,Faible,Moto / Jakarta,167268
25,2,9,Dakar - Plateau / Médina,Élevé,Taxi Jaune-Noir,260817
62,21,4,Ziguinchor,Faible,Particulier (Berline / SUV),131435
39,15,4,Saint-Louis,Faible,Moto / Jakarta,157886
21,2,9,Kaolack,Moyen,Transport / Clandos,196882
57,12,6,Dakar - Plateau / Médina,Élevé,Particulier (Berline / SUV),198250
20,0,7,Dakar - Plateau / Médina,Élevé,Particulier (Berline / SUV),243689
46,25,7,Rufisque,Élevé,Transport / Clandos,186621
58,25,9,Saint-Louis,Faible,Transport / Clandos,157808
46,0,4,Rufisque,Élevé,Taxi Jaune-Noir,265545
51,14,4,Rufisque,Élevé,Taxi Jaune-Noir,223287
51,14,7,Rufisque,Élevé,Taxi Jaune-Noir,228484
45,23,11,Kaolack,Moyen,Particulier (Berline / SUV),187332
30,2,6,Touba / Mbacké,Moyen,Taxi Jaune-Noir,232753
32,3,6,Touba / Mbacké,Moyen,Particulier (Berline / SUV),192863
40,0,7,Kaolack,Moyen,Camion / Utilitaire,303817
61,37,11,Thiès,Moyen,Transport / Clandos,186227
43,16,9,Ziguinchor,Faible,Taxi Jaune-Noir,198617
21,1,14,Dakar - Keur Massar / Pikine,Très Élevé,Particulier (Berline / SUV),294037
43,3,4,Ziguinchor,Faible,Particulier (Berline / SUV),153220
57,23,4,Kaolack,Moyen,Particulier (Berline / SUV),159888
26,0,7,Dakar - VDN / Almadies,Élevé,Taxi Jaune-Noir,271824
22,3,9,Dakar - Keur Massar / Pikine,Très Élevé,Taxi Jaune-Noir,277916
49,16,6,Thiès,Moyen,Particulier (Berline / SUV),168727
37,17,6,Mbour / Saly,Moyen,Taxi Jaune-Noir,192983
67,39,9,Dakar - Keur Massar / Pikine,Très Élevé,Transport / Clandos,233676
28,0,4,Dakar - Plateau / Médina,Élevé,Particulier (Berline / SUV),226774
32,9,6,Kaolack,Moyen,Particulier (Berline / SUV),161666
49,3,7,Mbour / Saly,Moyen,Transport / Clandos,196021
45,21,7,Ziguinchor,Faible,Taxi Jaune-Noir,190931
39,3,7,Mbour / Saly,Moyen,Taxi Jaune-Noir,227870
58,1,6,Kaolack,Moyen,Taxi Jaune-Noir,261191
34,1,7,Ziguinchor,Faible,Camion / Utilitaire,283293
43,22,7,Kaolack,Moyen,Particulier (Berline / SUV),162938
61,7,7,Saint-Louis,Faible,Particulier (Berline / SUV),142472
24,3,7,Dakar - VDN / Almadies,Élevé,Particulier (Berline / SUV),218024
59,28,6,Thiès,Moyen,Particulier (Berline / SUV),163482
43,12,4,Thiès,Moyen,Particulier (Berline / SUV),157309
42,3,4,Dakar - Plateau / Médina,Élevé,Particulier (Berline / SUV),203706
27,8,6,Dakar - VDN / Almadies,Élevé,Camion / Utilitaire,269174
62,16,7,Dakar - VDN / Almadies,Élevé,Moto / Jakarta,210085
36,15,9,Dakar - Plateau / Médina,Élevé,Particulier (Berline / SUV),201210
28,2,7,Ziguinchor,Faible,Taxi Jaune-Noir,212635
30,3,9,Dakar - Plateau / Médina,Élevé,Taxi Jaune-Noir,273670
25,0,6,Ziguinchor,Faible,Transport / Clandos,195059
57,19,6,Dakar - Plateau / Médina,Élevé,Taxi Jaune-Noir,222850
21,3,6,Dakar - Keur Massar / Pikine,Très Élevé,Particulier (Berline / SUV),233422
64,42,4,Dakar - Keur Massar / Pikine,Très Élevé,Transport / Clandos,193704
48,3,4,Saint-Louis,Faible,Transport / Clandos,158769
45,21,7,Touba / Mbacké,Moyen,Taxi Jaune-Noir,205078
28,8,14,Dakar - Plateau / Médina,Élevé,Moto / Jakarta,236315
60,17,4,Dakar - VDN / Almadies,Élevé,Moto / Jakarta,188687
18,0,4,Dakar - Keur Massar / Pikine,Très Élevé,Taxi Jaune-Noir,282497
66,26,9,Rufisque,Élevé,Taxi Jaune-Noir,242916
64,6,6,Ziguinchor,Faible,Camion / Utilitaire,220636
69,32,9,Dakar - Keur Massar / Pikine,Très Élevé,Particulier (Berline / SUV),226588
55,7,7,Dakar - Keur Massar / Pikine,Très Élevé,Particulier (Berline / SUV),213389
41,9,11,Kaolack,Moyen,Particulier (Berline / SUV),189496
64,7,6,Ziguinchor,Faible,Moto / Jakarta,166948
48,25,7,Thiès,Moyen,Transport / Clandos,169369
58,6,6,Mbour / Saly,Moyen,Particulier (Berline / SUV),169112
63,31,7,Ziguinchor,Faible,Camion / Utilitaire,233701
67,12,6,Saint-Louis,Faible,Transport / Clandos,142615
43,19,4,Kaolack,Moyen,Moto / Jakarta,180266
66,12,7,Ziguinchor,Faible,Particulier (Berline / SUV),155712
67,49,7,Ziguinchor,Faible,Taxi Jaune-Noir,178642
22,2,9,Touba / Mbacké,Moyen,Taxi Jaune-Noir,234382
37,16,7,Kaolack,Moyen,Taxi Jaune-Noir,201232
69,12,7,Ziguinchor,Faible,Taxi Jaune-Noir,180785
58,22,4,Mbour / Saly,Moyen,Transport / Clandos,154214
28,6,7,Mbour / Saly,Moyen,Particulier (Berline / SUV),167781
50,18,7,Rufisque,Élevé,Transport / Clandos,203950
67,10,9,Kaolack,Moyen,Particulier (Berline / SUV),182892
55,2,11,Thiès,Moyen,Particulier (Berline / SUV),216763
44,17,4,Ziguinchor,Faible,Particulier (Berline / SUV),138418
51,31,9,Touba / Mbacké,Moyen,Particulier (Berline / SUV),190146
32,14,4,Touba / Mbacké,Moyen,Particulier (Berline / SUV),162075
49,13,6,Dakar - VDN / Almadies,Élevé,Transport / Clandos,190013
38,15,7,Thiès,Moyen,Taxi Jaune-Noir,198013
63,21,4,Touba / Mbacké,Moyen,Particulier (Berline / SUV),167245
22,1,7,Mbour / Saly,Moyen,Taxi Jaune-Noir,252696
23,0,4,Dakar - VDN / Almadies,Élevé,Particulier (Berline / SUV),240546
55,0,4,Dakar - Plateau / Médina,Élevé,Particulier (Berline / SUV),232639
39,21,7,Touba / Mbacké,Moyen,Taxi Jaune-Noir,201368
35,2,7,Saint-Louis,Faible,Taxi Jaune-Noir,212237
31,1,11,Kaolack,Moyen,Transport / Clandos,237599
27,9,7,Touba / Mbacké,Moyen,Particulier (Berline / SUV),163245
63,42,7,Dakar - Keur Massar / Pikine,Très Élevé,Transport / Clandos,215677
30,7,6,Thiès,Moyen,Taxi Jaune-Noir,196143
48,4,4,Dakar - Keur Massar / Pikine,Très Élevé,Camion / Utilitaire,314654
47,2,4,Rufisque,Élevé,Particulier (Berline / SUV),217139
20,2,7,Touba / Mbacké,Moyen,Taxi Jaune-Noir,237523
47,2,7,Dakar - Plateau / Médina,Élevé,Taxi Jaune-Noir,253356
23,5,6,Dakar - Keur Massar / Pikine,Très Élevé,Camion / Utilitaire,284667
46,23,7,Dakar - Keur Massar / Pikine,Très Élevé,Particulier (Berline / SUV),221922
25,1,7,Thiès,Moyen,Taxi Jaune-Noir,248625
61,16,4,Dakar - VDN / Almadies,Élevé,Particulier (Berline / SUV),178486
62,41,4,Dakar - Plateau / Médina,Élevé,Taxi Jaune-Noir,224666
60,14,9,Dakar - Keur Massar / Pikine,Très Élevé,Particulier (Berline / SUV),228217
61,29,7,Ziguinchor,Faible,Particulier (Berline / SUV),158184
50,18,9,Dakar - Plateau / Médina,Élevé,Taxi Jaune-Noir,242763
34,8,4,Ziguinchor,Faible,Particulier (Berline / SUV),144337
65,29,14,Touba / Mbacké,Moyen,Particulier (Berline / SUV),210003
28,0,6,Dakar - Keur Massar / Pikine,Très Élevé,Particulier (Berline / SUV),267213
30,1,4,Dakar - Keur Massar / Pikine,Très Élevé,Particulier (Berline / SUV),248865
67,11,14,Mbour / Saly,Moyen,Camion / Utilitaire,283545
28,0,6,Mbour / Saly,Moyen,Taxi Jaune-Noir,254251
48,27,7,Thiès,Moyen,Transport / Clandos,178718
45,9,4,Kaolack,Moyen,Particulier (Berline / SUV),163836
61,23,7,Kaolack,Moyen,Moto / Jakarta,192713
23,5,11,Dakar - VDN / Almadies,Élevé,Particulier (Berline / SUV),220024
58,20,6,Thiès,Moyen,Taxi Jaune-Noir,200792
33,13,7,Kaolack,Moyen,Particulier (Berline / SUV),180544
21,0,4,Thiès,Moyen,Transport / Clandos,211138
52,6,7,Dakar - Keur Massar / Pikine,Très Élevé,Taxi Jaune-Noir,260635
65,2,6,Mbour / Saly,Moyen,Particulier (Berline / SUV),183199
43,0,6,Mbour / Saly,Moyen,Particulier (Berline / SUV),213789
29,2,6,Mbour / Saly,Moyen,Taxi Jaune-Noir,224193
28,10,4,Kaolack,Moyen,Particulier (Berline / SUV),154651
54,10,11,Dakar - Plateau / Médina,Élevé,Particulier (Berline / SUV),219313
42,10,6,Saint-Louis,Faible,Particulier (Berline / SUV),144680
35,11,6,Dakar - Keur Massar / Pikine,Très Élevé,Taxi Jaune-Noir,249972
36,14,6,Touba / Mbacké,Moyen,Transport / Clandos,164162
40,19,6,Thiès,Moyen,Particulier (Berline / SUV),167026
55,17,7,Mbour / Saly,Moyen,Particulier (Berline / SUV),175427
35,2,14,Mbour / Saly,Moyen,Transport / Clandos,230356
43,11,6,Mbour / Saly,Moyen,Taxi Jaune-Noir,210722
23,2,9,Dakar - Keur Massar / Pikine,Très Élevé,Particulier (Berline / SUV),245651
21,1,7,Mbour / Saly,Moyen,Transport / Clandos,223758
61,7,4,Dakar - VDN / Almadies,Élevé,Particulier (Berline / SUV),181340
68,25,7,Thiès,Moyen,Particulier (Berline / SUV),179540
46,12,7,Dakar - Keur Massar / Pikine,Très Élevé,Camion / Utilitaire,289277
51,29,7,Thiès,Moyen,Moto / Jakarta,180901
34,8,9,Ziguinchor,Faible,Particulier (Berline / SUV),153253
60,24,6,Rufisque,Élevé,Particulier (Berline / SUV),191668
60,30,11,Dakar - VDN / Almadies,Élevé,Particulier (Berline / SUV),219065
33,13,9,Dakar - Plateau / Médina,Élevé,Particulier (Berline / SUV),212500
19,0,6,Dakar - Plateau / Médina,Élevé,Particulier (Berline / SUV),243520
51,7,7,Saint-Louis,Faible,Particulier (Berline / SUV),149042
25,2,6,Dakar - VDN / Almadies,Élevé,Moto / Jakarta,241135
30,11,14,Thiès,Moyen,Moto / Jakarta,209348
59,3,7,Dakar - Plateau / Médina,Élevé,Taxi Jaune-Noir,261745
25,2,4,Rufisque,Élevé,Taxi Jaune-Noir,249785
47,3,6,Dakar - Plateau / Médina,Élevé,Particulier (Berline / SUV),218022
49,26,7,Mbour / Saly,Moyen,Particulier (Berline / SUV),175462
53,30,4,Saint-Louis,Faible,Particulier (Berline / SUV),142783
64,36,4,Dakar - Keur Massar / Pikine,Très Élevé,Transport / Clandos,208320
47,21,6,Touba / Mbacké,Moyen,Particulier (Berline / SUV),171172
18,0,6,Touba / Mbacké,Moyen,Moto / Jakarta,235400
60,11,6,Dakar - Plateau / Médina,Élevé,Taxi Jaune-Noir,229042
56,24,6,Thiès,Moyen,Particulier (Berline / SUV),173303
34,11,4,Thiès,Moyen,Particulier (Berline / SUV),158388
37,19,7,Mbour / Saly,Moyen,Taxi Jaune-Noir,205446
41,0,7,Dakar - Plateau / Médina,Élevé,Moto / Jakarta,264029
67,43,6,Dakar - Plateau / Médina,Élevé,Transport / Clandos,182809
39,4,6,Touba / Mbacké,Moyen,Particulier (Berline / SUV),187884
46,15,7,Ziguinchor,Faible,Taxi Jaune-Noir,190973
39,15,4,Dakar - Plateau / Médina,Élevé,Particulier (Berline / SUV),180660
61,7,4,Dakar - Keur Massar / Pikine,Très Élevé,Camion / Utilitaire,281703
26,6,4,Saint-Louis,Faible,Transport / Clandos,130486
54,28,9,Saint-Louis,Faible,Taxi Jaune-Noir,197266
27,0,9,Dakar - Keur Massar / Pikine,Très Élevé,Particulier (Berline / SUV),268200
53,4,9,Ziguinchor,Faible,Taxi Jaune-Noir,220150
54,16,7,Thiès,Moyen,Particulier (Berline / SUV),177941
45,20,7,Touba / Mbacké,Moyen,Particulier (Berline / SUV),178303
45,10,6,Saint-Louis,Faible,Particulier (Berline / SUV),154912
59,0,7,Dakar - VDN / Almadies,Élevé,Moto / Jakarta,254061
60,33,4,Rufisque,Élevé,Taxi Jaune-Noir,217057
38,18,7,Touba / Mbacké,Moyen,Particulier (Berline / SUV),168962
41,23,9,Ziguinchor,Faible,Moto / Jakarta,168724
59,36,7,Dakar - VDN / Almadies,Élevé,Particulier (Berline / SUV),190385
57,14,6,Dakar - Plateau / Médina,Élevé,Particulier (Berline / SUV),184337
19,1,6,Dakar - Keur Massar / Pikine,Très Élevé,Particulier (Berline / SUV),263804
25,1,7,Dakar - Plateau / Médina,Élevé,Taxi Jaune-Noir,272754
65,27,7,Mbour / Saly,Moyen,Taxi Jaune-Noir,214392
44,21,9,Kaolack,Moyen,Particulier (Berline / SUV),177063
39,7,6,Dakar - Keur Massar / Pikine,Très Élevé,Transport / Clandos,212936
54,30,9,Dakar - VDN / Almadies,Élevé,Particulier (Berline / SUV),201943
44,11,7,Rufisque,Élevé,Transport / Clandos,197288
46,21,9,Kaolack,Moyen,Particulier (Berline / SUV),178692
20,2,7,Mbour / Saly,Moyen,Transport / Clandos,196419
61,41,7,Thiès,Moyen,Taxi Jaune-Noir,205493
30,6,7,Mbour / Saly,Moyen,Taxi Jaune-Noir,202746
62,9,7,Kaolack,Moyen,Particulier (Berline / SUV),181292
27,8,11,Saint-Louis,Faible,Taxi Jaune-Noir,199017
53,3,4,Touba / Mbacké,Moyen,Particulier (Berline / SUV),190797
26,0,4,Ziguinchor,Faible,Moto / Jakarta,201556
44,20,11,Dakar - Plateau / Médina,Élevé,Particulier (Berline / SUV),204779
51,10,7,Thiès,Moyen,Particulier (Berline / SUV),171313
68,32,7,Ziguinchor,Faible,Taxi Jaune-Noir,185735
18,0,6,Mbour / Saly,Moyen,Transport / Clandos,218358
49,31,4,Rufisque,Élevé,Particulier (Berline / SUV),186232
42,5,9,Dakar - Plateau / Médina,Élevé,Moto / Jakarta,223795
46,2,7,Thiès,Moyen,Camion / Utilitaire,285503
24,6,6,Ziguinchor,Faible,Taxi Jaune-Noir,172389
66,31,6,Dakar - Plateau / Médina,Élevé,Particulier (Berline / SUV),197466
20,1,9,Dakar - Plateau / Médina,Élevé,Transport / Clandos,262298
37,7,4,Thiès,Moyen,Particulier (Berline / SUV),152891
37,10,9,Dakar - VDN / Almadies,Élevé,Particulier (Berline / SUV),208525
47,8,6,Touba / Mbacké,Moyen,Moto / Jakarta,179457
52,3,7,Dakar - VDN / Almadies,Élevé,Camion / Utilitaire,298935
52,32,11,Dakar - Plateau / Médina,Élevé,Moto / Jakarta,226377
66,14,7,Kaolack,Moyen,Particulier (Berline / SUV),177046
56,35,6,Dakar - Keur Massar / Pikine,Très Élevé,Particulier (Berline / SUV),209658
44,20,7,Kaolack,Moyen,Particulier (Berline / SUV),178402
43,12,6,Thiès,Moyen,Particulier (Berline / SUV),176234
31,6,6,Dakar - Plateau / Médina,Élevé,Particulier (Berline / SUV),200108
34,7,14,Dakar - Plateau / Médina,Élevé,Particulier (Berline / SUV),233359
35,2,9,Rufisque,Élevé,Taxi Jaune-Noir,270619
62,29,7,Touba / Mbacké,Moyen,Transport / Clandos,172662
69,28,6,Rufisque,Élevé,Transport / Clandos,184813
46,25,4,Thiès,Moyen,Transport / Clandos,158258
37,18,4,Saint-Louis,Faible,Particulier (Berline / SUV),134155
44,14,7,Dakar - VDN / Almadies,Élevé,Particulier (Berline / SUV),200550
35,2,9,Rufisque,Élevé,Transport / Clandos,234186
21,3,7,Thiès,Moyen,Taxi Jaune-Noir,228367
18,0,9,Dakar - VDN / Almadies,Élevé,Taxi Jaune-Noir,294874
67,20,4,Thiès,Moyen,Particulier (Berline / SUV),162744
18,0,6,Saint-Louis,Faible,Particulier (Berline / SUV),205299
43,15,6,Touba / Mbacké,Moyen,Taxi Jaune-Noir,192986
62,41,6,Touba / Mbacké,Moyen,Moto / Jakarta,184278
37,0,4,Thiès,Moyen,Moto / Jakarta,217553
69,6,11,Rufisque,Élevé,Taxi Jaune-Noir,258423
40,12,6,Touba / Mbacké,Moyen,Taxi Jaune-Noir,196205
27,6,11,Dakar - Keur Massar / Pikine,Très Élevé,Transport / Clandos,234512
28,0,6,Rufisque,Élevé,Taxi Jaune-Noir,267317
58,35,14,Ziguinchor,Faible,Taxi Jaune-Noir,224377
58,35,7,Mbour / Saly,Moyen,Moto / Jakarta,188121
22,0,11,Thiès,Moyen,Transport / Clandos,240635
18,0,4,Thiès,Moyen,Moto / Jakarta,220388
34,9,7,Thiès,Moyen,Particulier (Berline / SUV),175234
39,16,11,Saint-Louis,Faible,Taxi Jaune-Noir,208449
51,13,4,Thiès,Moyen,Transport / Clandos,161217
62,41,4,Touba / Mbacké,Moyen,Particulier (Berline / SUV),165616
58,29,6,Touba / Mbacké,Moyen,Transport / Clandos,166818
46,10,11,Mbour / Saly,Moyen,Particulier (Berline / SUV),190184
21,2,7,Mbour / Saly,Moyen,Transport / Clandos,205733
22,0,7,Kaolack,Moyen,Taxi Jaune-Noir,247261
28,3,4,Rufisque,Élevé,Particulier (Berline / SUV),216598
68,29,4,Touba / Mbacké,Moyen,Particulier (Berline / SUV),149055
38,10,9,Touba / Mbacké,Moyen,Taxi Jaune-Noir,210059
52,30,4,Saint-Louis,Faible,Taxi Jaune-Noir,168036
29,11,7,Touba / Mbacké,Moyen,Particulier (Berline / SUV),172321
43,21,11,Touba / Mbacké,Moyen,Moto / Jakarta,213118
68,23,6,Kaolack,Moyen,Taxi Jaune-Noir,211759
36,14,7,Dakar - Keur Massar / Pikine,Très Élevé,Taxi Jaune-Noir,261417
62,7,4,Kaolack,Moyen,Particulier (Berline / SUV),166804
24,0,7,Dakar - Keur Massar / Pikine,Très Élevé,Moto / Jakarta,284308
64,42,4,Kaolack,Moyen,Particulier (Berline / SUV),160495
24,1,7,Touba / Mbacké,Moyen,Taxi Jaune-Noir,253191
43,0,6,Kaolack,Moyen,Transport / Clandos,219800
57,21,6,Touba / Mbacké,Moyen,Particulier (Berline / SUV),159087
22,2,7,Touba / Mbacké,Moyen,Taxi Jaune-Noir,239014
38,20,4,Mbour / Saly,Moyen,Particulier (Berline / SUV),160662
31,12,7,Dakar - Plateau / Médina,Élevé,Transport / Clandos,192671
21,2,6,Dakar - Keur Massar / Pikine,Très Élevé,Taxi Jaune-Noir,277557
40,17,7,Ziguinchor,Faible,Moto / Jakarta,160059
59,33,4,Rufisque,Élevé,Moto / Jakarta,198775
37,11,7,Rufisque,Élevé,Taxi Jaune-Noir,240161
32,11,4,Kaolack,Moyen,Transport / Clandos,162795
67,6,6,Dakar - Plateau / Médina,Élevé,Taxi Jaune-Noir,226982
69,2,6,Saint-Louis,Faible,Particulier (Berline / SUV),165055
62,10,7,Ziguinchor,Faible,Taxi Jaune-Noir,182117
46,15,6,Rufisque,Élevé,Moto / Jakarta,200418
25,2,9,Dakar - VDN / Almadies,Élevé,Particulier (Berline / SUV),238617
58,26,9,Thiès,Moyen,Particulier (Berline / SUV),176320
65,6,4,Dakar - VDN / Almadies,Élevé,Particulier (Berline / SUV),174050
36,8,7,Saint-Louis,Faible,Particulier (Berline / SUV),161271
65,39,4,Ziguinchor,Faible,Particulier (Berline / SUV),144010
56,12,6,Rufisque,Élevé,Particulier (Berline / SUV),182879
63,12,7,Kaolack,Moyen,Particulier (Berline / SUV),167617
45,3,7,Thiès,Moyen,Taxi Jaune-Noir,228020
63,25,7,Dakar - Keur Massar / Pikine,Très Élevé,Particulier (Berline / SUV),208777
44,6,6,Rufisque,Élevé,Taxi Jaune-Noir,229644
21,3,6,Rufisque,Élevé,Moto / Jakarta,231300
32,13,4,Saint-Louis,Faible,Camion / Utilitaire,214746
52,12,7,Rufisque,Élevé,Taxi Jaune-Noir,229136
54,21,7,Ziguinchor,Faible,Particulier (Berline / SUV),151038
18,0,7,Dakar - Plateau / Médina,Élevé,Camion / Utilitaire,333683
20,1,6,Ziguinchor,Faible,Transport / Clandos,189293
64,2,6,Dakar - Keur Massar / Pikine,Très Élevé,Particulier (Berline / SUV),241898
41,20,6,Dakar - Plateau / Médina,Élevé,Particulier (Berline / SUV),183882
44,26,4,Rufisque,Élevé,Particulier (Berline / SUV),185079
57,37,6,Rufisque,Élevé,Particulier (Berline / SUV),198991
53,7,9,Thiès,Moyen,Particulier (Berline / SUV),170861
51,28,9,Rufisque,Élevé,Moto / Jakarta,216130
46,14,7,Touba / Mbacké,Moyen,Taxi Jaune-Noir,207207
41,21,6,Dakar - Keur Massar / Pikine,Très Élevé,Taxi Jaune-Noir,250463
41,18,4,Mbour / Saly,Moyen,Transport / Clandos,160815
59,32,9,Kaolack,Moyen,Transport / Clandos,175645
21,1,4,Thiès,Moyen,Moto / Jakarta,216628
20,1,11,Dakar - VDN / Almadies,Élevé,Camion / Utilitaire,338731
51,0,6,Dakar - Plateau / Médina,Élevé,Particulier (Berline / SUV),249578
66,33,6,Mbour / Saly,Moyen,Camion / Utilitaire,250710
40,1,11,Kaolack,Moyen,Transport / Clandos,245171
69,35,4,Rufisque,Élevé,Particulier (Berline / SUV),175253
40,13,7,Ziguinchor,Faible,Taxi Jaune-Noir,189246
62,37,7,Touba / Mbacké,Moyen,Taxi Jaune-Noir,203265
22,3,6,Dakar - Plateau / Médina,Élevé,Moto / Jakarta,226257
48,29,6,Dakar - Plateau / Médina,Élevé,Particulier (Berline / SUV),188739
58,32,7,Dakar - Plateau / Médina,Élevé,Taxi Jaune-Noir,231650
23,1,7,Dakar - Keur Massar / Pikine,Très Élevé,Particulier (Berline / SUV),270662
54,11,4,Dakar - Plateau / Médina,Élevé,Particulier (Berline / SUV),188557
27,2,11,Thiès,Moyen,Particulier (Berline / SUV),209702
57,6,4,Kaolack,Moyen,Taxi Jaune-Noir,202782
24,3,6,Ziguinchor,Faible,Transport / Clandos,180844
56,38,6,Thiès,Moyen,Particulier (Berline / SUV),167168
55,20,4,Thiès,Moyen,Taxi Jaune-Noir,202250
38,16,4,Touba / Mbacké,Moyen,Particulier (Berline / SUV),154651
37,12,14,Ziguinchor,Faible,Particulier (Berline / SUV),189465
20,1,6,Touba / Mbacké,Moyen,Taxi Jaune-Noir,257039
68,38,4,Dakar - Plateau / Médina,Élevé,Particulier (Berline / SUV),182025
39,7,4,Dakar - Plateau / Médina,Élevé,Taxi Jaune-Noir,214609
64,17,7,Thiès,Moyen,Particulier (Berline / SUV),161743
21,3,9,Thiès,Moyen,Particulier (Berline / SUV),200175
45,10,6,Dakar - Plateau / Médina,Élevé,Taxi Jaune-Noir,231605
29,4,4,Saint-Louis,Faible,Taxi Jaune-Noir,190096
55,28,6,Kaolack,Moyen,Particulier (Berline / SUV),170082
68,8,4,Dakar - Keur Massar / Pikine,Très Élevé,Taxi Jaune-Noir,247819
53,8,4,Mbour / Saly,Moyen,Transport / Clandos,156088
64,26,6,Rufisque,Élevé,Transport / Clandos,199231
58,38,6,Dakar - VDN / Almadies,Élevé,Particulier (Berline / SUV),192777
22,4,7,Ziguinchor,Faible,Taxi Jaune-Noir,220152
30,4,6,Touba / Mbacké,Moyen,Taxi Jaune-Noir,233087
40,22,11,Ziguinchor,Faible,Particulier (Berline / SUV),174579
67,35,11,Dakar - Plateau / Médina,Élevé,Moto / Jakarta,234661
47,27,7,Mbour / Saly,Moyen,Moto / Jakarta,195378
54,20,6,Dakar - VDN / Almadies,Élevé,Moto / Jakarta,198280
42,22,6,Thiès,Moyen,Transport / Clandos,159985
65,47,6,Thiès,Moyen,Transport / Clandos,166434
44,17,7,Touba / Mbacké,Moyen,Taxi Jaune-Noir,211452
68,40,6,Kaolack,Moyen,Taxi Jaune-Noir,203363
31,3,9,Rufisque,Élevé,Transport / Clandos,230246
65,12,11,Kaolack,Moyen,Taxi Jaune-Noir,227315
64,13,6,Mbour / Saly,Moyen,Particulier (Berline / SUV),162738
53,18,7,Kaolack,Moyen,Particulier (Berline / SUV),175100
56,22,4,Touba / Mbacké,Moyen,Moto / Jakarta,171163
33,4,6,Dakar - VDN / Almadies,Élevé,Particulier (Berline / SUV),212884
39,20,6,Dakar - VDN / Almadies,Élevé,Taxi Jaune-Noir,231158
38,5,6,Dakar - VDN / Almadies,Élevé,Camion / Utilitaire,277002
38,16,9,Thiès,Moyen,Transport / Clandos,183104
25,5,4,Saint-Louis,Faible,Camion / Utilitaire,214011
66,45,6,Mbour / Saly,Moyen,Taxi Jaune-Noir,210632
33,3,7,Rufisque,Élevé,Particulier (Berline / SUV),214630
48,24,7,Mbour / Saly,Moyen,Transport / Clandos,174395
59,22,6,Mbour / Saly,Moyen,Particulier (Berline / SUV),158430
27,8,9,Kaolack,Moyen,Particulier (Berline / SUV),178354
49,30,7,Dakar - Keur Massar / Pikine,Très Élevé,Particulier (Berline / SUV),211675
51,26,6,Mbour / Saly,Moyen,Particulier (Berline / SUV),165971
26,8,4,Touba / Mbacké,Moyen,Particulier (Berline / SUV),165620
34,9,6,Dakar - Keur Massar / Pikine,Très Élevé,Particulier (Berline / SUV),211564
28,6,9,Saint-Louis,Faible,Taxi Jaune-Noir,187687
49,0,7,Touba / Mbacké,Moyen,Transport / Clandos,218619
27,8,9,Mbour / Saly,Moyen,Particulier (Berline / SUV),186670
39,3,6,Ziguinchor,Faible,Particulier (Berline / SUV),175476
34,0,4,Thiès,Moyen,Taxi Jaune-Noir,251114
21,3,4,Kaolack,Moyen,Taxi Jaune-Noir,211972
65,9,6,Dakar - Plateau / Médina,Élevé,Moto / Jakarta,209082
69,3,7,Rufisque,Élevé,Particulier (Berline / SUV),214007
64,42,9,Rufisque,Élevé,Moto / Jakarta,213947
42,1,6,Touba / Mbacké,Moyen,Taxi Jaune-Noir,258528
38,6,6,Rufisque,Élevé,Taxi Jaune-Noir,227682
54,17,6,Dakar - Keur Massar / Pikine,Très Élevé,Particulier (Berline / SUV),215438
55,10,6,Dakar - VDN / Almadies,Élevé,Particulier (Berline / SUV),196776
66,18,6,Ziguinchor,Faible,Particulier (Berline / SUV),142401
18,0,4,Dakar - Plateau / Médina,Élevé,Particulier (Berline / SUV),231282
42,4,4,Rufisque,Élevé,Taxi Jaune-Noir,239795
68,3,4,Rufisque,Élevé,Transport / Clandos,214582
53,18,4,Touba / Mbacké,Moyen,Transport / Clandos,149462
34,6,4,Mbour / Saly,Moyen,Taxi Jaune-Noir,198144
58,34,7,Thiès,Moyen,Taxi Jaune-Noir,197375
41,1,6,Kaolack,Moyen,Particulier (Berline / SUV),209398
19,1,14,Kaolack,Moyen,Camion / Utilitaire,338135
57,28,4,Kaolack,Moyen,Taxi Jaune-Noir,195489
32,1,6,Kaolack,Moyen,Particulier (Berline / SUV),218260
49,14,6,Saint-Louis,Faible,Particulier (Berline / SUV),150085
56,35,4,Dakar - Plateau / Médina,Élevé,Taxi Jaune-Noir,214370
23,3,9,Mbour / Saly,Moyen,Taxi Jaune-Noir,243498
18,0,4,Thiès,Moyen,Particulier (Berline / SUV),199237
64,32,11,Thiès,Moyen,Transport / Clandos,179851
40,22,9,Touba / Mbacké,Moyen,Transport / Clandos,178711
56,18,7,Ziguinchor,Faible,Taxi Jaune-Noir,180257
34,1,7,Rufisque,Élevé,Particulier (Berline / SUV),240972
51,24,7,Rufisque,Élevé,Particulier (Berline / SUV),197218
58,24,6,Mbour / Saly,Moyen,Moto / Jakarta,187212
46,13,7,Saint-Louis,Faible,Moto / Jakarta,172384
26,5,4,Dakar - Keur Massar / Pikine,Très Élevé,Particulier (Berline / SUV),208117
30,8,4,Dakar - VDN / Almadies,Élevé,Particulier (Berline / SUV),175235
23,0,6,Mbour / Saly,Moyen,Particulier (Berline / SUV),209704
23,0,7,Dakar - Keur Massar / Pikine,Très Élevé,Particulier (Berline / SUV),274470
37,8,9,Dakar - VDN / Almadies,Élevé,Taxi Jaune-Noir,238439
69,12,4,Thiès,Moyen,Camion / Utilitaire,242343
20,2,9,Saint-Louis,Faible,Particulier (Berline / SUV),180095
34,14,6,Mbour / Saly,Moyen,Particulier (Berline / SUV),172426
66,14,6,Kaolack,Moyen,Moto / Jakarta,181146
29,10,6,Thiès,Moyen,Particulier (Berline / SUV),162287
65,45,6,Dakar - Keur Massar / Pikine,Très Élevé,Camion / Utilitaire,287589
64,45,4,Mbour / Saly,Moyen,Taxi Jaune-Noir,183591
62,41,7,Mbour / Saly,Moyen,Moto / Jakarta,196389
18,0,9,Touba / Mbacké,Moyen,Particulier (Berline / SUV),223793
34,6,6,Dakar - Plateau / Médina,Élevé,Particulier (Berline / SUV),187807
20,2,6,Thiès,Moyen,Particulier (Berline / SUV),191638
43,6,9,Mbour / Saly,Moyen,Particulier (Berline / SUV),174568
32,4,7,Rufisque,Élevé,Particulier (Berline / SUV),229019
53,28,6,Rufisque,Élevé,Camion / Utilitaire,274807
49,11,6,Dakar - Plateau / Médina,Élevé,Transport / Clandos,187519
49,4,9,Mbour / Saly,Moyen,Taxi Jaune-Noir,233042
21,1,7,Kaolack,Moyen,Particulier (Berline / SUV),211867
35,5,6,Dakar - Plateau / Médina,Élevé,Transport / Clandos,190953
66,47,6,Dakar - Plateau / Médina,Élevé,Transport / Clandos,187029
36,16,9,Dakar - Keur Massar / Pikine,Très Élevé,Particulier (Berline / SUV),229939
60,7,4,Dakar - Keur Massar / Pikine,Très Élevé,Moto / Jakarta,219733
69,24,14,Ziguinchor,Faible,Particulier (Berline / SUV),178830
52,2,4,Thiès,Moyen,Particulier (Berline / SUV),180099
57,27,9,Dakar - VDN / Almadies,Élevé,Particulier (Berline / SUV),196628
31,4,6,Dakar - Plateau / Médina,Élevé,Transport / Clandos,224442
50,16,6,Dakar - Keur Massar / Pikine,Très Élevé,Taxi Jaune-Noir,244083
31,2,9,Saint-Louis,Faible,Particulier (Berline / SUV),189985
51,10,6,Ziguinchor,Faible,Particulier (Berline / SUV),138564
21,2,7,Mbour / Saly,Moyen,Particulier (Berline / SUV),203633
41,0,4,Thiès,Moyen,Particulier (Berline / SUV),201368
46,10,4,Mbour / Saly,Moyen,Particulier (Berline / SUV),160799
36,14,6,Ziguinchor,Faible,Particulier (Berline / SUV),147103
23,5,7,Touba / Mbacké,Moyen,Particulier (Berline / SUV),176048
50,9,4,Rufisque,Élevé,Moto / Jakarta,189717
66,2,4,Thiès,Moyen,Taxi Jaune-Noir,227601
57,9,6,Rufisque,Élevé,Transport / Clandos,182152
36,10,7,Saint-Louis,Faible,Particulier (Berline / SUV),143094
18,0,7,Mbour / Saly,Moyen,Particulier (Berline / SUV),223866
22,4,4,Touba / Mbacké,Moyen,Particulier (Berline / SUV),179610
44,26,4,Saint-Louis,Faible,Particulier (Berline / SUV),136182
33,9,11,Dakar - VDN / Almadies,Élevé,Particulier (Berline / SUV),216776
23,3,6,Mbour / Saly,Moyen,Moto / Jakarta,204816
57,36,9,Ziguinchor,Faible,Moto / Jakarta,172053
30,8,9,Touba / Mbacké,Moyen,Particulier (Berline / SUV),173494
65,22,9,Thiès,Moyen,Particulier (Berline / SUV),171025
52,4,4,Touba / Mbacké,Moyen,Camion / Utilitaire,266817
36,10,9,Mbour / Saly,Moyen,Particulier (Berline / SUV),171415
29,8,9,Dakar - Keur Massar / Pikine,Très Élevé,Taxi Jaune-Noir,250977
33,7,7,Saint-Louis,Faible,Camion / Utilitaire,232546
60,11,6,Touba / Mbacké,Moyen,Camion / Utilitaire,243296
27,8,6,Rufisque,Élevé,Particulier (Berline / SUV),184070
42,2,4,Saint-Louis,Faible,Particulier (Berline / SUV),160227
37,16,7,Rufisque,Élevé,Particulier (Berline / SUV),189665
48,5,7,Touba / Mbacké,Moyen,Moto / Jakarta,182001
21,3,6,Dakar - Keur Massar / Pikine,Très Élevé,Moto / Jakarta,247473
61,34,6,Saint-Louis,Faible,Taxi Jaune-Noir,173442
40,17,6,Ziguinchor,Faible,Transport / Clandos,150621
19,1,7,Saint-Louis,Faible,Transport / Clandos,208293
39,2,11,Thiès,Moyen,Taxi Jaune-Noir,243028
68,22,4,Touba / Mbacké,Moyen,Transport / Clandos,158719
54,14,6,Dakar - VDN / Almadies,Élevé,Taxi Jaune-Noir,227573
25,3,4,Mbour / Saly,Moyen,Taxi Jaune-Noir,226417
24,5,7,Dakar - Plateau / Médina,Élevé,Particulier (Berline / SUV),192711
31,5,7,Kaolack,Moyen,Transport / Clandos,168286
20,1,11,Dakar - VDN / Almadies,Élevé,Particulier (Berline / SUV),272250
67,23,6,Rufisque,Élevé,Particulier (Berline / SUV),194945
33,9,11,Ziguinchor,Faible,Transport / Clandos,173520
36,6,4,Ziguinchor,Faible,Taxi Jaune-Noir,166958
68,48,7,Kaolack,Moyen,Moto / Jakarta,184115
35,16,4,Dakar - Keur Massar / Pikine,Très Élevé,Particulier (Berline / SUV),200005
69,30,9,Thiès,Moyen,Taxi Jaune-Noir,208969
33,0,7,Mbour / Saly,Moyen,Particulier (Berline / SUV),223184
25,1,7,Dakar - VDN / Almadies,Élevé,Moto / Jakarta,262096
50,22,9,Dakar - Plateau / Médina,Élevé,Particulier (Berline / SUV),201189
66,28,4,Saint-Louis,Faible,Taxi Jaune-Noir,163491
29,3,4,Kaolack,Moyen,Transport / Clandos,186177
28,10,9,Dakar - Keur Massar / Pikine,Très Élevé,Particulier (Berline / SUV),225862
22,4,6,Ziguinchor,Faible,Camion / Utilitaire,242392
44,19,4,Dakar - Plateau / Médina,Élevé,Moto / Jakarta,200752
29,3,6,Ziguinchor,Faible,Particulier (Berline / SUV),168971
34,1,7,Touba / Mbacké,Moyen,Particulier (Berline / SUV),226533
23,5,4,Kaolack,Moyen,Particulier (Berline / SUV),155212
50,20,6,Dakar - Keur Massar / Pikine,Très Élevé,Particulier (Berline / SUV),204163
22,3,4,Saint-Louis,Faible,Moto / Jakarta,177124
45,25,6,Rufisque,Élevé,Camion / Utilitaire,274090
31,1,9,Dakar - Keur Massar / Pikine,Très Élevé,Particulier (Berline / SUV),266939
22,3,14,Mbour / Saly,Moyen,Particulier (Berline / SUV),220206
50,16,7,Saint-Louis,Faible,Taxi Jaune-Noir,183661
67,34,4,Dakar - VDN / Almadies,Élevé,Particulier (Berline / SUV),186470
65,46,11,Dakar - Keur Massar / Pikine,Très Élevé,Particulier (Berline / SUV),234380
58,18,7,Saint-Louis,Faible,Particulier (Berline / SUV),161123
36,0,4,Dakar - VDN / Almadies,Élevé,Taxi Jaune-Noir,274370
39,16,11,Dakar - Keur Massar / Pikine,Très Élevé,Taxi Jaune-Noir,262836
22,2,9,Dakar - Plateau / Médina,Élevé,Transport / Clandos,238069
19,1,7,Rufisque,Élevé,Particulier (Berline / SUV),255151
47,15,7,Dakar - Plateau / Médina,Élevé,Transport / Clandos,192118
64,2,6,Mbour / Saly,Moyen,Taxi Jaune-Noir,225255
56,18,6,Saint-Louis,Faible,Moto / Jakarta,155104
21,1,7,Dakar - VDN / Almadies,Élevé,Particulier (Berline / SUV),256156
50,20,6,Touba / Mbacké,Moyen,Moto / Jakarta,182628
30,8,6,Dakar - Keur Massar / Pikine,Très Élevé,Moto / Jakarta,229732
37,2,9,Touba / Mbacké,Moyen,Particulier (Berline / SUV),199855
24,0,9,Dakar - Keur Massar / Pikine,Très Élevé,Particulier (Berline / SUV),276380
32,2,6,Mbour / Saly,Moyen,Moto / Jakarta,202745
40,17,9,Touba / Mbacké,Moyen,Transport / Clandos,180919
31,8,9,Dakar - VDN / Almadies,Élevé,Moto / Jakarta,226298
40,0,7,Thiès,Moyen,Transport / Clandos,213712
36,2,6,Dakar - Plateau / Médina,Élevé,Taxi Jaune-Noir,252980
46,6,6,Dakar - VDN / Almadies,Élevé,Particulier (Berline / SUV),182578
37,6,6,Ziguinchor,Faible,Particulier (Berline / SUV),156940
46,27,4,Kaolack,Moyen,Camion / Utilitaire,247170
41,21,6,Mbour / Saly,Moyen,Particulier (Berline / SUV),171709
35,13,6,Rufisque,Élevé,Particulier (Berline / SUV),194529
27,1,6,Dakar - Keur Massar / Pikine,Très Élevé,Transport / Clandos,268745
58,13,11,Dakar - VDN / Almadies,Élevé,Transport / Clandos,212116
25,6,4,Touba / Mbacké,Moyen,Particulier (Berline / SUV),164496
43,20,7,Kaolack,Moyen,Particulier (Berline / SUV),180750
46,26,7,Thiès,Moyen,Particulier (Berline / SUV),161935
27,1,4,Ziguinchor,Faible,Particulier (Berline / SUV),185622
34,4,11,Touba / Mbacké,Moyen,Transport / Clandos,205195
19,0,7,Dakar - Plateau / Médina,Élevé,Particulier (Berline / SUV),240565
23,3,6,Thiès,Moyen,Moto / Jakarta,207120
22,2,9,Kaolack,Moyen,Transport / Clandos,203246
45,1,6,Saint-Louis,Faible,Taxi Jaune-Noir,236041
58,5,7,Saint-Louis,Faible,Particulier (Berline / SUV),149480
22,0,4,Kaolack,Moyen,Taxi Jaune-Noir,235601
35,1,9,Saint-Louis,Faible,Particulier (Berline / SUV),202463
43,5,6,Mbour / Saly,Moyen,Particulier (Berline / SUV),161507
37,8,7,Dakar - VDN / Almadies,Élevé,Transport / Clandos,198772
58,35,6,Dakar - Keur Massar / Pikine,Très Élevé,Particulier (Berline / SUV),218342
66,4,7,Dakar - VDN / Almadies,Élevé,Transport / Clandos,221219
44,18,9,Ziguinchor,Faible,Particulier (Berline / SUV),157119
66,14,6,Dakar - VDN / Almadies,Élevé,Particulier (Berline / SUV),186969
29,4,7,Dakar - VDN / Almadies,Élevé,Camion / Utilitaire,303812
24,3,6,Dakar - Plateau / Médina,Élevé,Taxi Jaune-Noir,248697
20,1,9,Dakar - Keur Massar / Pikine,Très Élevé,Taxi Jaune-Noir,301742
27,7,6,Dakar - VDN / Almadies,Élevé,Taxi Jaune-Noir,224800
51,25,9,Dakar - Keur Massar / Pikine,Très Élevé,Particulier (Berline / SUV),235097
42,13,9,Rufisque,Élevé,Transport / Clandos,210040
52,20,6,Saint-Louis,Faible,Particulier (Berline / SUV),147770
33,0,6,Touba / Mbacké,Moyen,Taxi Jaune-Noir,246399
19,1,6,Dakar - Plateau / Médina,Élevé,Taxi Jaune-Noir,276113
41,21,9,Saint-Louis,Faible,Moto / Jakarta,175905
27,1,6,Dakar - Keur Massar / Pikine,Très Élevé,Taxi Jaune-Noir,288297
55,34,7,Saint-Louis,Faible,Particulier (Berline / SUV),158567
39,0,9,Dakar - VDN / Almadies,Élevé,Taxi Jaune-Noir,294095
43,20,6,Touba / Mbacké,Moyen,Particulier (Berline / SUV),166452
60,39,7,Dakar - VDN / Almadies,Élevé,Particulier (Berline / SUV),187276
56,4,6,Ziguinchor,Faible,Particulier (Berline / SUV),169504
44,24,4,Dakar - VDN / Almadies,Élevé,Taxi Jaune-Noir,218855
46,23,9,Touba / Mbacké,Moyen,Particulier (Berline / SUV),181730
64,37,4,Thiès,Moyen,Particulier (Berline / SUV),155938
55,2,6,Rufisque,Élevé,Moto / Jakarta,228744
37,2,9,Dakar - Keur Massar / Pikine,Très Élevé,Transport / Clandos,258172
44,11,6,Rufisque,Élevé,Particulier (Berline / SUV),183771
58,32,14,Ziguinchor,Faible,Particulier (Berline / SUV),181137
37,3,14,Rufisque,Élevé,Taxi Jaune-Noir,285289
61,18,6,Saint-Louis,Faible,Moto / Jakarta,171925
36,9,4,Kaolack,Moyen,Particulier (Berline / SUV),160500
37,19,7,Dakar - Plateau / Médina,Élevé,Transport / Clandos,203587
52,5,6,Touba / Mbacké,Moyen,Taxi Jaune-Noir,202539
64,18,4,Dakar - Plateau / Médina,Élevé,Taxi Jaune-Noir,214014
19,1,7,Touba / Mbacké,Moyen,Camion / Utilitaire,305995
47,12,4,Dakar - Keur Massar / Pikine,Très Élevé,Transport / Clandos,193198
51,25,9,Rufisque,Élevé,Moto / Jakarta,212617
39,21,4,Dakar - Keur Massar / Pikine,Très Élevé,Particulier (Berline / SUV),209110
20,0,4,Dakar - VDN / Almadies,Élevé,Taxi Jaune-Noir,260293
23,3,4,Dakar - VDN / Almadies,Élevé,Taxi Jaune-Noir,239306
32,2,11,Dakar - Plateau / Médina,Élevé,Particulier (Berline / SUV),231207
44,17,7,Mbour / Saly,Moyen,Taxi Jaune-Noir,201137
27,3,9,Mbour / Saly,Moyen,Particulier (Berline / SUV),202191
26,2,6,Kaolack,Moyen,Particulier (Berline / SUV),186114
50,25,6,Mbour / Saly,Moyen,Particulier (Berline / SUV),160006
49,18,6,Ziguinchor,Faible,Transport / Clandos,142691
65,40,6,Saint-Louis,Faible,Moto / Jakarta,171419
23,1,7,Saint-Louis,Faible,Particulier (Berline / SUV),209484
58,19,7,Dakar - VDN / Almadies,Élevé,Taxi Jaune-Noir,228196
53,23,6,Mbour / Saly,Moyen,Particulier (Berline / SUV),164743
19,0,11,Kaolack,Moyen,Moto / Jakarta,261127
46,17,4,Touba / Mbacké,Moyen,Taxi Jaune-Noir,185561
21,1,11,Dakar - VDN / Almadies,Élevé,Transport / Clandos,268467
18,0,4,Dakar - Keur Massar / Pikine,Très Élevé,Transport / Clandos,258305
36,1,6,Mbour / Saly,Moyen,Particulier (Berline / SUV),217206
43,0,6,Dakar - VDN / Almadies,Élevé,Taxi Jaune-Noir,272379
42,18,6,Mbour / Saly,Moyen,Camion / Utilitaire,243472
27,9,7,Ziguinchor,Faible,Particulier (Berline / SUV),149525
32,6,6,Kaolack,Moyen,Taxi Jaune-Noir,205894
39,17,6,Dakar - Plateau / Médina,Élevé,Camion / Utilitaire,267781
68,35,7,Thiès,Moyen,Particulier (Berline / SUV),181352
65,5,7,Kaolack,Moyen,Moto / Jakarta,184658
38,9,9,Mbour / Saly,Moyen,Moto / Jakarta,195432
39,6,6,Dakar - Keur Massar / Pikine,Très Élevé,Transport / Clandos,211350
53,22,7,Dakar - Keur Massar / Pikine,Très Élevé,Particulier (Berline / SUV),225388
51,13,7,Dakar - Plateau / Médina,Élevé,Particulier (Berline / SUV),201188
47,13,6,Rufisque,Élevé,Particulier (Berline / SUV),188599
42,20,6,Dakar - Keur Massar / Pikine,Très Élevé,Transport / Clandos,210908
62,32,6,Dakar - VDN / Almadies,Élevé,Transport / Clandos,197767
45,4,4,Dakar - Keur Massar / Pikine,Très Élevé,Taxi Jaune-Noir,255621
18,0,6,Thiès,Moyen,Particulier (Berline / SUV),218782
66,11,4,Dakar - Plateau / Médina,Élevé,Particulier (Berline / SUV),186049
62,14,7,Dakar - VDN / Almadies,Élevé,Transport / Clandos,198877
21,2,7,Mbour / Saly,Moyen,Transport / Clandos,191997
24,1,11,Kaolack,Moyen,Moto / Jakarta,259924
66,7,7,Dakar - Plateau / Médina,Élevé,Transport / Clandos,200963
26,2,4,Thiès,Moyen,Transport / Clandos,186850
53,3,9,Saint-Louis,Faible,Transport / Clandos,192057
36,17,9,Thiès,Moyen,Taxi Jaune-Noir,225468
